mode: atomic
github.com/lennylabs/lenny/pkg/gateway/session/messagerouting/messagerouting.go:97.41,98.11 1 286
github.com/lennylabs/lenny/pkg/gateway/session/messagerouting/messagerouting.go:99.69,100.14 1 0
github.com/lennylabs/lenny/pkg/gateway/session/messagerouting/messagerouting.go:102.2,102.14 1 286
github.com/lennylabs/lenny/pkg/gateway/session/messagerouting/messagerouting.go:107.41,108.11 1 286
github.com/lennylabs/lenny/pkg/gateway/session/messagerouting/messagerouting.go:109.96,110.14 1 0
github.com/lennylabs/lenny/pkg/gateway/session/messagerouting/messagerouting.go:112.2,112.14 1 286
github.com/lennylabs/lenny/pkg/gateway/session/messagerouting/messagerouting.go:153.88,154.9 1 286
github.com/lennylabs/lenny/pkg/gateway/session/messagerouting/messagerouting.go:155.33,156.57 1 0
github.com/lennylabs/lenny/pkg/gateway/session/messagerouting/messagerouting.go:157.27,158.90 1 0
github.com/lennylabs/lenny/pkg/gateway/session/messagerouting/messagerouting.go:159.27,160.28 1 0
github.com/lennylabs/lenny/pkg/gateway/session/messagerouting/messagerouting.go:160.28,162.4 1 0
github.com/lennylabs/lenny/pkg/gateway/session/messagerouting/messagerouting.go:165.3,165.90 1 0
github.com/lennylabs/lenny/pkg/gateway/session/messagerouting/messagerouting.go:166.60,167.92 1 1
github.com/lennylabs/lenny/pkg/gateway/session/messagerouting/messagerouting.go:168.39,174.16 1 4
github.com/lennylabs/lenny/pkg/gateway/session/messagerouting/messagerouting.go:174.16,176.4 1 4
github.com/lennylabs/lenny/pkg/gateway/session/messagerouting/messagerouting.go:177.3,177.92 1 0
github.com/lennylabs/lenny/pkg/gateway/session/messagerouting/messagerouting.go:178.10,180.91 1 281
github.com/lennylabs/lenny/pkg/gateway/sessionserver/admission_ratelimit.go:42.166,43.46 1 0
github.com/lennylabs/lenny/pkg/gateway/sessionserver/admission_ratelimit.go:43.46,45.3 1 0
github.com/lennylabs/lenny/pkg/gateway/sessionserver/admission_ratelimit.go:46.2,47.28 2 0
github.com/lennylabs/lenny/pkg/gateway/sessionserver/admission_ratelimit.go:47.28,48.102 1 0
github.com/lennylabs/lenny/pkg/gateway/sessionserver/admission_ratelimit.go:48.102,50.4 1 0
github.com/lennylabs/lenny/pkg/gateway/sessionserver/admission_ratelimit.go:52.2,52.25 1 0
github.com/lennylabs/lenny/pkg/gateway/sessionserver/admission_ratelimit.go:52.25,53.88 1 0
github.com/lennylabs/lenny/pkg/gateway/sessionserver/admission_ratelimit.go:53.88,54.91 1 0
github.com/lennylabs/lenny/pkg/gateway/sessionserver/admission_ratelimit.go:54.91,56.5 1 0
github.com/lennylabs/lenny/pkg/gateway/sessionserver/admission_ratelimit.go:59.2,59.13 1 0
github.com/lennylabs/lenny/pkg/gateway/sessionserver/admission_ratelimit.go:65.128,67.16 2 0
github.com/lennylabs/lenny/pkg/gateway/sessionserver/admission_ratelimit.go:67.16,72.25 1 0
github.com/lennylabs/lenny/pkg/gateway/sessionserver/admission_ratelimit.go:72.25,74.4 1 0
github.com/lennylabs/lenny/pkg/gateway/sessionserver/admission_ratelimit.go:75.3,77.14 2 0
github.com/lennylabs/lenny/pkg/gateway/sessionserver/admission_ratelimit.go:79.2,79.19 1 0
github.com/lennylabs/lenny/pkg/gateway/sessionserver/admission_ratelimit.go:79.19,80.25 1 0
github.com/lennylabs/lenny/pkg/gateway/sessionserver/admission_ratelimit.go:80.25,82.4 1 0
github.com/lennylabs/lenny/pkg/gateway/sessionserver/admission_ratelimit.go:83.3,84.22 2 0
github.com/lennylabs/lenny/pkg/gateway/sessionserver/admission_ratelimit.go:84.22,86.4 1 0
github.com/lennylabs/lenny/pkg/gateway/sessionserver/admission_ratelimit.go:87.3,91.15 3 0
github.com/lennylabs/lenny/pkg/gateway/sessionserver/admission_ratelimit.go:93.2,93.13 1 0
github.com/lennylabs/lenny/pkg/gateway/sessionserver/admission_ratelimit.go:105.137,106.53 1 0
github.com/lennylabs/lenny/pkg/gateway/sessionserver/admission_ratelimit.go:106.53,108.3 1 0
github.com/lennylabs/lenny/pkg/gateway/sessionserver/admission_ratelimit.go:109.2,110.36 2 0
github.com/lennylabs/lenny/pkg/gateway/sessionserver/admission_ratelimit.go:110.36,112.3 1 0
github.com/lennylabs/lenny/pkg/gateway/sessionserver/admission_ratelimit.go:113.2,113.25 1 0
github.com/lennylabs/lenny/pkg/gateway/sessionserver/callback.go:41.78,45.16 4 0
github.com/lennylabs/lenny/pkg/gateway/sessionserver/callback.go:45.16,46.47 1 0
github.com/lennylabs/lenny/pkg/gateway/sessionserver/callback.go:46.47,49.4 2 0
github.com/lennylabs/lenny/pkg/gateway/sessionserver/callback.go:50.3,51.9 2 0
github.com/lennylabs/lenny/pkg/gateway/sessionserver/callback.go:53.2,54.39 2 0
github.com/lennylabs/lenny/pkg/gateway/sessionserver/callback.go:54.39,65.3 1 0
github.com/lennylabs/lenny/pkg/gateway/sessionserver/callback.go:66.2,71.4 2 0
github.com/lennylabs/lenny/pkg/gateway/sessionserver/create.go:27.98,40.50 5 0
github.com/lennylabs/lenny/pkg/gateway/sessionserver/create.go:40.50,42.3 1 0
github.com/lennylabs/lenny/pkg/gateway/sessionserver/create.go:44.2,45.9 2 0
github.com/lennylabs/lenny/pkg/gateway/sessionserver/create.go:45.9,47.3 1 0
github.com/lennylabs/lenny/pkg/gateway/sessionserver/create.go:49.2,50.9 2 0
github.com/lennylabs/lenny/pkg/gateway/sessionserver/create.go:50.9,52.3 1 0
github.com/lennylabs/lenny/pkg/gateway/sessionserver/create.go:54.2,54.77 1 0
github.com/lennylabs/lenny/pkg/gateway/sessionserver/create.go:75.127,81.53 1 0
github.com/lennylabs/lenny/pkg/gateway/sessionserver/create.go:81.53,87.3 3 0
github.com/lennylabs/lenny/pkg/gateway/sessionserver/create.go:88.2,88.32 1 0
github.com/lennylabs/lenny/pkg/gateway/sessionserver/create.go:88.32,90.3 1 0
github.com/lennylabs/lenny/pkg/gateway/sessionserver/create.go:91.2,91.44 1 0
github.com/lennylabs/lenny/pkg/gateway/sessionserver/create.go:91.44,93.3 1 0
github.com/lennylabs/lenny/pkg/gateway/sessionserver/create.go:100.2,101.34 2 0
github.com/lennylabs/lenny/pkg/gateway/sessionserver/create.go:101.34,103.3 1 0
github.com/lennylabs/lenny/pkg/gateway/sessionserver/create.go:104.2,104.75 1 0
github.com/lennylabs/lenny/pkg/gateway/sessionserver/create.go:104.75,106.3 1 0
github.com/lennylabs/lenny/pkg/gateway/sessionserver/create.go:113.2,114.21 2 0
github.com/lennylabs/lenny/pkg/gateway/sessionserver/create.go:114.21,116.3 1 0
github.com/lennylabs/lenny/pkg/gateway/sessionserver/create.go:117.2,117.87 1 0
github.com/lennylabs/lenny/pkg/gateway/sessionserver/create.go:117.87,119.3 1 0
github.com/lennylabs/lenny/pkg/gateway/sessionserver/create.go:120.2,120.43 1 0
github.com/lennylabs/lenny/pkg/gateway/sessionserver/create.go:120.43,122.3 1 0
github.com/lennylabs/lenny/pkg/gateway/sessionserver/create.go:123.2,123.26 1 0
github.com/lennylabs/lenny/pkg/gateway/sessionserver/create.go:123.26,126.3 2 0
github.com/lennylabs/lenny/pkg/gateway/sessionserver/create.go:134.2,134.75 1 0
github.com/lennylabs/lenny/pkg/gateway/sessionserver/create.go:134.75,136.3 1 0
github.com/lennylabs/lenny/pkg/gateway/sessionserver/create.go:143.2,143.64 1 0
github.com/lennylabs/lenny/pkg/gateway/sessionserver/create.go:154.186,160.19 2 0
github.com/lennylabs/lenny/pkg/gateway/sessionserver/create.go:160.19,162.3 1 0
github.com/lennylabs/lenny/pkg/gateway/sessionserver/create.go:163.2,163.33 1 0
github.com/lennylabs/lenny/pkg/gateway/sessionserver/create.go:163.33,168.3 2 0
github.com/lennylabs/lenny/pkg/gateway/sessionserver/create.go:174.2,180.72 2 0
github.com/lennylabs/lenny/pkg/gateway/sessionserver/create.go:180.72,182.3 1 0
github.com/lennylabs/lenny/pkg/gateway/sessionserver/create.go:190.2,191.13 2 0
github.com/lennylabs/lenny/pkg/gateway/sessionserver/create.go:191.13,193.3 1 0
github.com/lennylabs/lenny/pkg/gateway/sessionserver/create.go:197.2,197.68 1 0
github.com/lennylabs/lenny/pkg/gateway/sessionserver/create.go:197.68,199.3 1 0
github.com/lennylabs/lenny/pkg/gateway/sessionserver/create.go:206.2,206.69 1 0
github.com/lennylabs/lenny/pkg/gateway/sessionserver/create.go:206.69,211.29 3 0
github.com/lennylabs/lenny/pkg/gateway/sessionserver/create.go:211.29,215.4 2 0
github.com/lennylabs/lenny/pkg/gateway/sessionserver/create.go:216.3,217.54 2 0
github.com/lennylabs/lenny/pkg/gateway/sessionserver/create.go:219.2,220.28 2 0
github.com/lennylabs/lenny/pkg/gateway/sessionserver/create.go:220.28,223.3 2 0
github.com/lennylabs/lenny/pkg/gateway/sessionserver/create.go:237.2,278.9 7 0
github.com/lennylabs/lenny/pkg/gateway/sessionserver/create.go:278.9,280.3 1 0
github.com/lennylabs/lenny/pkg/gateway/sessionserver/create.go:288.2,294.36 2 0
github.com/lennylabs/lenny/pkg/gateway/sessionserver/create.go:294.36,296.3 1 0
github.com/lennylabs/lenny/pkg/gateway/sessionserver/create.go:303.2,304.95 2 0
github.com/lennylabs/lenny/pkg/gateway/sessionserver/create.go:315.176,331.24 3 0
github.com/lennylabs/lenny/pkg/gateway/sessionserver/create.go:331.24,333.17 2 0
github.com/lennylabs/lenny/pkg/gateway/sessionserver/create.go:333.17,343.4 3 0
github.com/lennylabs/lenny/pkg/gateway/sessionserver/create.go:346.3,350.27 5 0
github.com/lennylabs/lenny/pkg/gateway/sessionserver/create.go:350.27,358.4 3 0
github.com/lennylabs/lenny/pkg/gateway/sessionserver/create.go:372.2,373.16 2 0
github.com/lennylabs/lenny/pkg/gateway/sessionserver/create.go:373.16,385.3 4 0
github.com/lennylabs/lenny/pkg/gateway/sessionserver/create.go:386.2,389.58 3 0
github.com/lennylabs/lenny/pkg/gateway/sessionserver/create.go:389.58,402.3 4 0
github.com/lennylabs/lenny/pkg/gateway/sessionserver/create.go:403.2,418.25 4 0
github.com/lennylabs/lenny/pkg/gateway/sessionserver/create.go:425.177,441.2 6 0
github.com/lennylabs/lenny/pkg/gateway/sessionserver/derive.go:139.71,140.32 1 0
github.com/lennylabs/lenny/pkg/gateway/sessionserver/derive.go:140.32,142.3 1 0
github.com/lennylabs/lenny/pkg/gateway/sessionserver/derive.go:143.2,144.44 2 0
github.com/lennylabs/lenny/pkg/gateway/sessionserver/derive.go:144.44,146.3 1 0
github.com/lennylabs/lenny/pkg/gateway/sessionserver/derive.go:147.2,147.43 1 0
github.com/lennylabs/lenny/pkg/gateway/sessionserver/derive.go:147.43,149.3 1 0
github.com/lennylabs/lenny/pkg/gateway/sessionserver/derive.go:150.2,162.25 2 0
github.com/lennylabs/lenny/pkg/gateway/sessionserver/derive.go:162.25,164.17 2 0
github.com/lennylabs/lenny/pkg/gateway/sessionserver/derive.go:164.17,165.47 1 0
github.com/lennylabs/lenny/pkg/gateway/sessionserver/derive.go:165.47,170.5 2 0
github.com/lennylabs/lenny/pkg/gateway/sessionserver/derive.go:171.4,171.84 1 0
github.com/lennylabs/lenny/pkg/gateway/sessionserver/derive.go:171.84,176.5 2 0
github.com/lennylabs/lenny/pkg/gateway/sessionserver/derive.go:177.4,179.10 2 0
github.com/lennylabs/lenny/pkg/gateway/sessionserver/derive.go:181.3,181.18 1 0
github.com/lennylabs/lenny/pkg/gateway/sessionserver/derive.go:184.2,185.16 2 0
github.com/lennylabs/lenny/pkg/gateway/sessionserver/derive.go:185.16,186.47 1 0
github.com/lennylabs/lenny/pkg/gateway/sessionserver/derive.go:186.47,189.4 2 0
github.com/lennylabs/lenny/pkg/gateway/sessionserver/derive.go:190.3,191.9 2 0
github.com/lennylabs/lenny/pkg/gateway/sessionserver/derive.go:194.2,195.25 2 0
github.com/lennylabs/lenny/pkg/gateway/sessionserver/derive.go:195.25,198.60 3 0
github.com/lennylabs/lenny/pkg/gateway/sessionserver/derive.go:198.60,201.4 2 0
github.com/lennylabs/lenny/pkg/gateway/sessionserver/derive.go:215.2,216.20 2 0
github.com/lennylabs/lenny/pkg/gateway/sessionserver/derive.go:216.20,218.3 1 0
github.com/lennylabs/lenny/pkg/gateway/sessionserver/derive.go:219.2,223.17 1 0
github.com/lennylabs/lenny/pkg/gateway/sessionserver/derive.go:223.17,225.26 2 0
github.com/lennylabs/lenny/pkg/gateway/sessionserver/derive.go:225.26,226.60 1 0
github.com/lennylabs/lenny/pkg/gateway/sessionserver/derive.go:226.60,231.5 2 0
github.com/lennylabs/lenny/pkg/gateway/sessionserver/derive.go:232.4,233.40 2 0
github.com/lennylabs/lenny/pkg/gateway/sessionserver/derive.go:233.40,235.5 1 0
github.com/lennylabs/lenny/pkg/gateway/sessionserver/derive.go:236.4,240.10 2 0
github.com/lennylabs/lenny/pkg/gateway/sessionserver/derive.go:242.3,243.9 2 0
github.com/lennylabs/lenny/pkg/gateway/sessionserver/derive.go:247.2,247.75 1 0
github.com/lennylabs/lenny/pkg/gateway/sessionserver/derive.go:247.75,252.3 2 0
github.com/lennylabs/lenny/pkg/gateway/sessionserver/derive.go:257.2,258.18 2 0
github.com/lennylabs/lenny/pkg/gateway/sessionserver/derive.go:258.18,260.3 1 0
github.com/lennylabs/lenny/pkg/gateway/sessionserver/derive.go:261.2,261.32 1 0
github.com/lennylabs/lenny/pkg/gateway/sessionserver/derive.go:261.32,266.3 2 0
github.com/lennylabs/lenny/pkg/gateway/sessionserver/derive.go:268.2,269.70 2 0
github.com/lennylabs/lenny/pkg/gateway/sessionserver/derive.go:269.70,271.35 1 0
github.com/lennylabs/lenny/pkg/gateway/sessionserver/derive.go:271.35,280.4 2 0
github.com/lennylabs/lenny/pkg/gateway/sessionserver/derive.go:281.3,281.52 1 0
github.com/lennylabs/lenny/pkg/gateway/sessionserver/derive.go:281.52,289.4 2 0
github.com/lennylabs/lenny/pkg/gateway/sessionserver/derive.go:290.3,290.31 1 0
github.com/lennylabs/lenny/pkg/gateway/sessionserver/derive.go:290.31,300.4 1 0
github.com/lennylabs/lenny/pkg/gateway/sessionserver/derive.go:306.2,307.22 2 0
github.com/lennylabs/lenny/pkg/gateway/sessionserver/derive.go:307.22,309.3 1 0
github.com/lennylabs/lenny/pkg/gateway/sessionserver/derive.go:310.2,311.18 2 0
github.com/lennylabs/lenny/pkg/gateway/sessionserver/derive.go:311.18,313.3 1 0
github.com/lennylabs/lenny/pkg/gateway/sessionserver/derive.go:314.2,315.16 2 0
github.com/lennylabs/lenny/pkg/gateway/sessionserver/derive.go:315.16,317.3 1 0
github.com/lennylabs/lenny/pkg/gateway/sessionserver/derive.go:319.2,329.102 4 0
github.com/lennylabs/lenny/pkg/gateway/sessionserver/derive.go:329.102,330.18 1 0
github.com/lennylabs/lenny/pkg/gateway/sessionserver/derive.go:330.18,331.46 1 0
github.com/lennylabs/lenny/pkg/gateway/sessionserver/derive.go:331.46,337.5 3 0
github.com/lennylabs/lenny/pkg/gateway/sessionserver/derive.go:338.4,341.10 3 0
github.com/lennylabs/lenny/pkg/gateway/sessionserver/derive.go:343.3,343.22 1 0
github.com/lennylabs/lenny/pkg/gateway/sessionserver/derive.go:344.8,344.125 1 0
github.com/lennylabs/lenny/pkg/gateway/sessionserver/derive.go:344.125,350.9 2 0
github.com/lennylabs/lenny/pkg/gateway/sessionserver/derive.go:350.9,356.96 2 0
github.com/lennylabs/lenny/pkg/gateway/sessionserver/derive.go:356.96,361.46 1 0
github.com/lennylabs/lenny/pkg/gateway/sessionserver/derive.go:361.46,367.6 3 0
github.com/lennylabs/lenny/pkg/gateway/sessionserver/derive.go:368.5,371.11 3 0
github.com/lennylabs/lenny/pkg/gateway/sessionserver/derive.go:383.2,401.61 3 0
github.com/lennylabs/lenny/pkg/gateway/sessionserver/derive.go:401.61,404.3 2 0
github.com/lennylabs/lenny/pkg/gateway/sessionserver/derive.go:406.2,415.37 4 0
github.com/lennylabs/lenny/pkg/gateway/sessionserver/derive.go:441.170,442.71 1 0
github.com/lennylabs/lenny/pkg/gateway/sessionserver/derive.go:442.71,444.3 1 0
github.com/lennylabs/lenny/pkg/gateway/sessionserver/derive.go:445.2,445.119 1 0
github.com/lennylabs/lenny/pkg/gateway/sessionserver/derive.go:445.119,447.3 1 0
github.com/lennylabs/lenny/pkg/gateway/sessionserver/derive.go:448.2,450.46 3 0
github.com/lennylabs/lenny/pkg/gateway/sessionserver/derive.go:450.46,453.3 1 0
github.com/lennylabs/lenny/pkg/gateway/sessionserver/derive.go:454.2,455.20 2 0
github.com/lennylabs/lenny/pkg/gateway/sessionserver/derive.go:455.20,457.3 1 0
github.com/lennylabs/lenny/pkg/gateway/sessionserver/derive.go:458.2,466.44 4 0
github.com/lennylabs/lenny/pkg/gateway/sessionserver/derive.go:466.44,469.98 3 0
github.com/lennylabs/lenny/pkg/gateway/sessionserver/derive.go:469.98,471.4 1 0
github.com/lennylabs/lenny/pkg/gateway/sessionserver/derive.go:478.2,492.67 2 0
github.com/lennylabs/lenny/pkg/gateway/sessionserver/derive.go:492.67,494.3 1 0
github.com/lennylabs/lenny/pkg/gateway/sessionserver/derive.go:495.2,496.74 1 0
github.com/lennylabs/lenny/pkg/gateway/sessionserver/derive.go:496.74,498.3 1 0
github.com/lennylabs/lenny/pkg/gateway/sessionserver/derive.go:499.2,500.60 1 0
github.com/lennylabs/lenny/pkg/gateway/sessionserver/derive.go:500.60,502.3 1 0
github.com/lennylabs/lenny/pkg/gateway/sessionserver/derive.go:503.2,503.30 1 0
github.com/lennylabs/lenny/pkg/gateway/sessionserver/derive.go:512.77,514.2 1 0
github.com/lennylabs/lenny/pkg/gateway/sessionserver/derive.go:519.88,521.2 1 0
github.com/lennylabs/lenny/pkg/gateway/sessionserver/derive.go:531.106,532.16 1 0
github.com/lennylabs/lenny/pkg/gateway/sessionserver/derive.go:532.16,534.3 1 0
github.com/lennylabs/lenny/pkg/gateway/sessionserver/derive.go:535.2,540.3 1 0
github.com/lennylabs/lenny/pkg/gateway/sessionserver/derive.go:545.66,547.2 1 0
github.com/lennylabs/lenny/pkg/gateway/sessionserver/derive.go:558.131,559.58 1 0
github.com/lennylabs/lenny/pkg/gateway/sessionserver/derive.go:559.58,561.17 2 0
github.com/lennylabs/lenny/pkg/gateway/sessionserver/derive.go:561.17,563.4 1 0
github.com/lennylabs/lenny/pkg/gateway/sessionserver/derive.go:564.3,564.15 1 0
github.com/lennylabs/lenny/pkg/gateway/sessionserver/derive.go:565.8,570.21 3 0
github.com/lennylabs/lenny/pkg/gateway/sessionserver/derive.go:570.21,572.4 1 0
github.com/lennylabs/lenny/pkg/gateway/sessionserver/derive.go:573.3,579.4 1 0
github.com/lennylabs/lenny/pkg/gateway/sessionserver/derive.go:581.2,581.30 1 0
github.com/lennylabs/lenny/pkg/gateway/sessionserver/derive.go:581.30,583.3 1 0
github.com/lennylabs/lenny/pkg/gateway/sessionserver/derive.go:584.2,587.18 4 0
github.com/lennylabs/lenny/pkg/gateway/sessionserver/derive.go:587.18,589.3 1 0
github.com/lennylabs/lenny/pkg/gateway/sessionserver/derive.go:590.2,590.23 1 0
github.com/lennylabs/lenny/pkg/gateway/sessionserver/derive.go:597.57,599.2 1 0
github.com/lennylabs/lenny/pkg/gateway/sessionserver/derive.go:618.148,619.33 1 0
github.com/lennylabs/lenny/pkg/gateway/sessionserver/derive.go:619.33,621.3 1 0
github.com/lennylabs/lenny/pkg/gateway/sessionserver/derive.go:625.2,626.79 2 0
github.com/lennylabs/lenny/pkg/gateway/sessionserver/derive.go:626.79,629.3 2 0
github.com/lennylabs/lenny/pkg/gateway/sessionserver/derive.go:630.2,644.49 3 0
github.com/lennylabs/lenny/pkg/gateway/sessionserver/derive.go:644.49,647.3 2 0
github.com/lennylabs/lenny/pkg/gateway/sessionserver/derive.go:648.2,648.41 1 0
github.com/lennylabs/lenny/pkg/gateway/sessionserver/derive.go:654.59,655.36 1 0
github.com/lennylabs/lenny/pkg/gateway/sessionserver/derive.go:655.36,657.3 1 0
github.com/lennylabs/lenny/pkg/gateway/sessionserver/envelope.go:34.184,39.22 1 0
github.com/lennylabs/lenny/pkg/gateway/sessionserver/envelope.go:39.22,40.28 1 0
github.com/lennylabs/lenny/pkg/gateway/sessionserver/envelope.go:40.28,41.17 1 0
github.com/lennylabs/lenny/pkg/gateway/sessionserver/envelope.go:41.17,45.5 2 0
github.com/lennylabs/lenny/pkg/gateway/sessionserver/envelope.go:46.4,46.62 1 0
github.com/lennylabs/lenny/pkg/gateway/sessionserver/envelope.go:46.62,51.5 2 0
github.com/lennylabs/lenny/pkg/gateway/sessionserver/envelope.go:53.3,53.35 1 0
github.com/lennylabs/lenny/pkg/gateway/sessionserver/envelope.go:59.2,59.25 1 0
github.com/lennylabs/lenny/pkg/gateway/sessionserver/envelope.go:59.25,60.31 1 0
github.com/lennylabs/lenny/pkg/gateway/sessionserver/envelope.go:60.31,61.17 1 0
github.com/lennylabs/lenny/pkg/gateway/sessionserver/envelope.go:61.17,65.5 2 0
github.com/lennylabs/lenny/pkg/gateway/sessionserver/envelope.go:67.3,67.41 1 0
github.com/lennylabs/lenny/pkg/gateway/sessionserver/envelope.go:75.2,75.32 1 0
github.com/lennylabs/lenny/pkg/gateway/sessionserver/envelope.go:75.32,76.16 1 0
github.com/lennylabs/lenny/pkg/gateway/sessionserver/envelope.go:76.16,80.4 2 0
github.com/lennylabs/lenny/pkg/gateway/sessionserver/envelope.go:99.2,99.102 1 0
github.com/lennylabs/lenny/pkg/gateway/sessionserver/envelope.go:99.102,101.3 1 0
github.com/lennylabs/lenny/pkg/gateway/sessionserver/envelope.go:102.2,106.25 2 0
github.com/lennylabs/lenny/pkg/gateway/sessionserver/envelope.go:106.25,107.79 1 0
github.com/lennylabs/lenny/pkg/gateway/sessionserver/envelope.go:107.79,112.4 2 0
github.com/lennylabs/lenny/pkg/gateway/sessionserver/envelope.go:113.3,114.51 1 0
github.com/lennylabs/lenny/pkg/gateway/sessionserver/envelope.go:114.51,120.4 2 0
github.com/lennylabs/lenny/pkg/gateway/sessionserver/envelope.go:121.3,122.20 2 0
github.com/lennylabs/lenny/pkg/gateway/sessionserver/envelope.go:128.2,128.33 1 0
github.com/lennylabs/lenny/pkg/gateway/sessionserver/envelope.go:128.33,130.32 2 0
github.com/lennylabs/lenny/pkg/gateway/sessionserver/envelope.go:130.32,136.4 2 0
github.com/lennylabs/lenny/pkg/gateway/sessionserver/envelope.go:137.3,137.75 1 0
github.com/lennylabs/lenny/pkg/gateway/sessionserver/envelope.go:137.75,142.4 2 0
github.com/lennylabs/lenny/pkg/gateway/sessionserver/envelope.go:143.3,144.36 2 0
github.com/lennylabs/lenny/pkg/gateway/sessionserver/envelope.go:149.2,149.32 1 0
github.com/lennylabs/lenny/pkg/gateway/sessionserver/envelope.go:149.32,150.79 1 0
github.com/lennylabs/lenny/pkg/gateway/sessionserver/envelope.go:150.79,155.4 2 0
github.com/lennylabs/lenny/pkg/gateway/sessionserver/envelope.go:156.3,156.95 1 0
github.com/lennylabs/lenny/pkg/gateway/sessionserver/envelope.go:156.95,161.4 2 0
github.com/lennylabs/lenny/pkg/gateway/sessionserver/envelope.go:162.3,162.80 1 0
github.com/lennylabs/lenny/pkg/gateway/sessionserver/envelope.go:169.2,170.9 2 0
github.com/lennylabs/lenny/pkg/gateway/sessionserver/envelope.go:170.9,172.3 1 0
github.com/lennylabs/lenny/pkg/gateway/sessionserver/envelope.go:176.2,176.83 1 0
github.com/lennylabs/lenny/pkg/gateway/sessionserver/envelope.go:176.83,178.3 1 0
github.com/lennylabs/lenny/pkg/gateway/sessionserver/envelope.go:179.2,179.23 1 0
github.com/lennylabs/lenny/pkg/gateway/sessionserver/envelope.go:188.153,189.23 1 0
github.com/lennylabs/lenny/pkg/gateway/sessionserver/envelope.go:189.23,190.27 1 0
github.com/lennylabs/lenny/pkg/gateway/sessionserver/envelope.go:190.27,194.4 2 0
github.com/lennylabs/lenny/pkg/gateway/sessionserver/envelope.go:195.3,195.14 1 0
github.com/lennylabs/lenny/pkg/gateway/sessionserver/envelope.go:197.2,198.16 2 0
github.com/lennylabs/lenny/pkg/gateway/sessionserver/envelope.go:198.16,201.26 3 0
github.com/lennylabs/lenny/pkg/gateway/sessionserver/envelope.go:201.26,203.4 1 0
github.com/lennylabs/lenny/pkg/gateway/sessionserver/envelope.go:204.3,206.15 2 0
github.com/lennylabs/lenny/pkg/gateway/sessionserver/envelope.go:208.2,212.26 3 0
github.com/lennylabs/lenny/pkg/gateway/sessionserver/envelope.go:212.26,213.28 1 0
github.com/lennylabs/lenny/pkg/gateway/sessionserver/envelope.go:213.28,218.4 2 0
github.com/lennylabs/lenny/pkg/gateway/sessionserver/envelope.go:219.3,220.18 2 0
github.com/lennylabs/lenny/pkg/gateway/sessionserver/envelope.go:220.18,224.4 2 0
github.com/lennylabs/lenny/pkg/gateway/sessionserver/envelope.go:225.3,225.30 1 0
github.com/lennylabs/lenny/pkg/gateway/sessionserver/envelope.go:227.2,227.13 1 0
github.com/lennylabs/lenny/pkg/gateway/sessionserver/envelope.go:233.83,234.43 1 0
github.com/lennylabs/lenny/pkg/gateway/sessionserver/envelope.go:234.43,236.3 1 0
github.com/lennylabs/lenny/pkg/gateway/sessionserver/envelope.go:237.2,238.36 2 0
github.com/lennylabs/lenny/pkg/gateway/sessionserver/envelope.go:238.36,240.3 1 0
github.com/lennylabs/lenny/pkg/gateway/sessionserver/envelope.go:241.2,241.39 1 0
github.com/lennylabs/lenny/pkg/gateway/sessionserver/envelope.go:253.83,254.43 1 0
github.com/lennylabs/lenny/pkg/gateway/sessionserver/envelope.go:254.43,256.3 1 0
github.com/lennylabs/lenny/pkg/gateway/sessionserver/envelope.go:257.2,258.16 2 0
github.com/lennylabs/lenny/pkg/gateway/sessionserver/envelope.go:258.16,260.3 1 0
github.com/lennylabs/lenny/pkg/gateway/sessionserver/envelope.go:261.2,261.74 1 0
github.com/lennylabs/lenny/pkg/gateway/sessionserver/envelope.go:261.74,263.3 1 0
github.com/lennylabs/lenny/pkg/gateway/sessionserver/envelope.go:266.2,266.48 1 0
github.com/lennylabs/lenny/pkg/gateway/sessionserver/envelope.go:274.125,275.43 1 0
github.com/lennylabs/lenny/pkg/gateway/sessionserver/envelope.go:275.43,277.3 1 0
github.com/lennylabs/lenny/pkg/gateway/sessionserver/envelope.go:281.2,282.73 2 0
github.com/lennylabs/lenny/pkg/gateway/sessionserver/envelope.go:282.73,284.3 1 0
github.com/lennylabs/lenny/pkg/gateway/sessionserver/envelope.go:285.2,285.38 1 0
github.com/lennylabs/lenny/pkg/gateway/sessionserver/envelope.go:296.126,297.22 1 0
github.com/lennylabs/lenny/pkg/gateway/sessionserver/envelope.go:297.22,299.3 1 0
github.com/lennylabs/lenny/pkg/gateway/sessionserver/envelope.go:300.2,301.16 2 0
github.com/lennylabs/lenny/pkg/gateway/sessionserver/envelope.go:301.16,303.3 1 0
github.com/lennylabs/lenny/pkg/gateway/sessionserver/envelope.go:304.2,305.36 2 0
github.com/lennylabs/lenny/pkg/gateway/sessionserver/envelope.go:305.36,307.3 1 0
github.com/lennylabs/lenny/pkg/gateway/sessionserver/envelope.go:308.2,308.14 1 0
github.com/lennylabs/lenny/pkg/gateway/sessionserver/envelope.go:317.166,318.34 1 0
github.com/lennylabs/lenny/pkg/gateway/sessionserver/envelope.go:318.34,320.3 1 0
github.com/lennylabs/lenny/pkg/gateway/sessionserver/envelope.go:321.2,321.54 1 0
github.com/lennylabs/lenny/pkg/gateway/sessionserver/envelope.go:321.54,326.3 2 0
github.com/lennylabs/lenny/pkg/gateway/sessionserver/envelope.go:327.2,328.66 2 0
github.com/lennylabs/lenny/pkg/gateway/sessionserver/envelope.go:328.66,333.3 2 0
github.com/lennylabs/lenny/pkg/gateway/sessionserver/envelope.go:335.2,336.47 2 0
github.com/lennylabs/lenny/pkg/gateway/sessionserver/envelope.go:336.47,337.91 1 0
github.com/lennylabs/lenny/pkg/gateway/sessionserver/envelope.go:337.91,339.4 1 0
github.com/lennylabs/lenny/pkg/gateway/sessionserver/envelope.go:342.2,344.22 2 0
github.com/lennylabs/lenny/pkg/gateway/sessionserver/envelope.go:344.22,352.3 1 0
github.com/lennylabs/lenny/pkg/gateway/sessionserver/envelope.go:354.2,354.65 1 0
github.com/lennylabs/lenny/pkg/gateway/sessionserver/envelope.go:354.65,359.3 2 0
github.com/lennylabs/lenny/pkg/gateway/sessionserver/envelope.go:360.2,360.18 1 0
github.com/lennylabs/lenny/pkg/gateway/sessionserver/envelope.go:368.70,370.86 2 0
github.com/lennylabs/lenny/pkg/gateway/sessionserver/envelope.go:370.86,372.3 1 0
github.com/lennylabs/lenny/pkg/gateway/sessionserver/envelope.go:373.2,374.16 2 0
github.com/lennylabs/lenny/pkg/gateway/sessionserver/envelope.go:374.16,376.3 1 0
github.com/lennylabs/lenny/pkg/gateway/sessionserver/envelope.go:377.2,377.49 1 0
github.com/lennylabs/lenny/pkg/gateway/sessionserver/envelope.go:377.49,379.3 1 0
github.com/lennylabs/lenny/pkg/gateway/sessionserver/envelope.go:380.2,380.11 1 0
github.com/lennylabs/lenny/pkg/gateway/sessionserver/eval.go:61.104,62.48 1 0
github.com/lennylabs/lenny/pkg/gateway/sessionserver/eval.go:62.48,64.3 1 0
github.com/lennylabs/lenny/pkg/gateway/sessionserver/eval.go:65.2,66.16 2 0
github.com/lennylabs/lenny/pkg/gateway/sessionserver/eval.go:66.16,68.3 1 0
github.com/lennylabs/lenny/pkg/gateway/sessionserver/eval.go:69.2,69.49 1 0
github.com/lennylabs/lenny/pkg/gateway/sessionserver/eval.go:75.42,77.2 1 0
github.com/lennylabs/lenny/pkg/gateway/sessionserver/eval.go:85.110,86.21 1 0
github.com/lennylabs/lenny/pkg/gateway/sessionserver/eval.go:86.21,88.3 1 0
github.com/lennylabs/lenny/pkg/gateway/sessionserver/eval.go:89.2,90.32 2 0
github.com/lennylabs/lenny/pkg/gateway/sessionserver/eval.go:90.32,91.109 1 0
github.com/lennylabs/lenny/pkg/gateway/sessionserver/eval.go:91.109,93.4 1 0
github.com/lennylabs/lenny/pkg/gateway/sessionserver/eval.go:95.2,95.31 1 0
github.com/lennylabs/lenny/pkg/gateway/sessionserver/eval.go:95.31,96.93 1 0
github.com/lennylabs/lenny/pkg/gateway/sessionserver/eval.go:96.93,98.4 1 0
github.com/lennylabs/lenny/pkg/gateway/sessionserver/eval.go:100.2,100.13 1 0
github.com/lennylabs/lenny/pkg/gateway/sessionserver/eval.go:108.123,110.16 2 0
github.com/lennylabs/lenny/pkg/gateway/sessionserver/eval.go:110.16,111.25 1 0
github.com/lennylabs/lenny/pkg/gateway/sessionserver/eval.go:111.25,113.4 1 0
github.com/lennylabs/lenny/pkg/gateway/sessionserver/eval.go:114.3,116.14 2 0
github.com/lennylabs/lenny/pkg/gateway/sessionserver/eval.go:118.2,118.19 1 0
github.com/lennylabs/lenny/pkg/gateway/sessionserver/eval.go:118.19,119.25 1 0
github.com/lennylabs/lenny/pkg/gateway/sessionserver/eval.go:119.25,121.4 1 0
github.com/lennylabs/lenny/pkg/gateway/sessionserver/eval.go:122.3,123.22 2 0
github.com/lennylabs/lenny/pkg/gateway/sessionserver/eval.go:123.22,125.4 1 0
github.com/lennylabs/lenny/pkg/gateway/sessionserver/eval.go:126.3,130.15 3 0
github.com/lennylabs/lenny/pkg/gateway/sessionserver/eval.go:132.2,132.13 1 0
github.com/lennylabs/lenny/pkg/gateway/sessionserver/eval.go:147.69,148.20 1 0
github.com/lennylabs/lenny/pkg/gateway/sessionserver/eval.go:148.20,152.3 2 0
github.com/lennylabs/lenny/pkg/gateway/sessionserver/eval.go:153.2,159.59 6 0
github.com/lennylabs/lenny/pkg/gateway/sessionserver/eval.go:159.59,162.3 2 0
github.com/lennylabs/lenny/pkg/gateway/sessionserver/eval.go:163.2,163.22 1 0
github.com/lennylabs/lenny/pkg/gateway/sessionserver/eval.go:163.22,167.3 2 0
github.com/lennylabs/lenny/pkg/gateway/sessionserver/eval.go:168.2,168.46 1 0
github.com/lennylabs/lenny/pkg/gateway/sessionserver/eval.go:168.46,173.3 2 0
github.com/lennylabs/lenny/pkg/gateway/sessionserver/eval.go:176.2,176.64 1 0
github.com/lennylabs/lenny/pkg/gateway/sessionserver/eval.go:176.64,181.3 2 0
github.com/lennylabs/lenny/pkg/gateway/sessionserver/eval.go:188.2,188.47 1 0
github.com/lennylabs/lenny/pkg/gateway/sessionserver/eval.go:188.47,190.3 1 0
github.com/lennylabs/lenny/pkg/gateway/sessionserver/eval.go:192.2,193.16 2 0
github.com/lennylabs/lenny/pkg/gateway/sessionserver/eval.go:193.16,194.47 1 0
github.com/lennylabs/lenny/pkg/gateway/sessionserver/eval.go:194.47,197.4 2 0
github.com/lennylabs/lenny/pkg/gateway/sessionserver/eval.go:198.3,199.9 2 0
github.com/lennylabs/lenny/pkg/gateway/sessionserver/eval.go:201.2,201.31 1 0
github.com/lennylabs/lenny/pkg/gateway/sessionserver/eval.go:201.31,205.3 2 0
github.com/lennylabs/lenny/pkg/gateway/sessionserver/eval.go:210.2,210.30 1 0
github.com/lennylabs/lenny/pkg/gateway/sessionserver/eval.go:210.30,212.123 2 0
github.com/lennylabs/lenny/pkg/gateway/sessionserver/eval.go:212.123,215.4 2 0
github.com/lennylabs/lenny/pkg/gateway/sessionserver/eval.go:215.9,215.16 1 0
github.com/lennylabs/lenny/pkg/gateway/sessionserver/eval.go:215.16,218.4 2 0
github.com/lennylabs/lenny/pkg/gateway/sessionserver/eval.go:224.2,237.45 2 0
github.com/lennylabs/lenny/pkg/gateway/sessionserver/eval.go:237.45,246.3 4 0
github.com/lennylabs/lenny/pkg/gateway/sessionserver/eval.go:247.2,248.16 2 0
github.com/lennylabs/lenny/pkg/gateway/sessionserver/eval.go:248.16,249.49 1 0
github.com/lennylabs/lenny/pkg/gateway/sessionserver/eval.go:249.49,253.4 2 0
github.com/lennylabs/lenny/pkg/gateway/sessionserver/eval.go:254.3,255.9 2 0
github.com/lennylabs/lenny/pkg/gateway/sessionserver/eval.go:264.2,264.54 1 0
github.com/lennylabs/lenny/pkg/gateway/sessionserver/eval.go:264.54,266.3 1 0
github.com/lennylabs/lenny/pkg/gateway/sessionserver/eval.go:268.2,268.52 1 0
github.com/lennylabs/lenny/pkg/gateway/sessionserver/eval.go:275.100,292.2 3 0
github.com/lennylabs/lenny/pkg/gateway/sessionserver/events.go:51.44,53.18 2 0
github.com/lennylabs/lenny/pkg/gateway/sessionserver/events.go:53.18,55.3 1 0
github.com/lennylabs/lenny/pkg/gateway/sessionserver/events.go:56.2,56.51 1 0
github.com/lennylabs/lenny/pkg/gateway/sessionserver/events.go:56.51,58.3 1 0
github.com/lennylabs/lenny/pkg/gateway/sessionserver/events.go:59.2,59.53 1 0
github.com/lennylabs/lenny/pkg/gateway/sessionserver/events.go:88.71,89.21 1 0
github.com/lennylabs/lenny/pkg/gateway/sessionserver/events.go:89.21,93.3 2 0
github.com/lennylabs/lenny/pkg/gateway/sessionserver/events.go:94.2,97.16 4 0
github.com/lennylabs/lenny/pkg/gateway/sessionserver/events.go:97.16,98.47 1 0
github.com/lennylabs/lenny/pkg/gateway/sessionserver/events.go:98.47,101.4 2 0
github.com/lennylabs/lenny/pkg/gateway/sessionserver/events.go:102.3,103.9 2 0
github.com/lennylabs/lenny/pkg/gateway/sessionserver/events.go:108.2,108.24 1 0
github.com/lennylabs/lenny/pkg/gateway/sessionserver/events.go:108.24,111.3 2 0
github.com/lennylabs/lenny/pkg/gateway/sessionserver/events.go:113.2,114.9 2 0
github.com/lennylabs/lenny/pkg/gateway/sessionserver/events.go:114.9,118.3 2 0
github.com/lennylabs/lenny/pkg/gateway/sessionserver/events.go:120.2,124.16 3 0
github.com/lennylabs/lenny/pkg/gateway/sessionserver/events.go:124.16,127.3 2 0
github.com/lennylabs/lenny/pkg/gateway/sessionserver/events.go:128.2,145.64 6 0
github.com/lennylabs/lenny/pkg/gateway/sessionserver/events.go:145.64,147.3 1 0
github.com/lennylabs/lenny/pkg/gateway/sessionserver/events.go:155.2,155.18 1 0
github.com/lennylabs/lenny/pkg/gateway/sessionserver/events.go:155.18,156.84 1 0
github.com/lennylabs/lenny/pkg/gateway/sessionserver/events.go:156.84,158.4 1 0
github.com/lennylabs/lenny/pkg/gateway/sessionserver/events.go:163.2,163.33 1 0
github.com/lennylabs/lenny/pkg/gateway/sessionserver/events.go:163.33,165.3 1 0
github.com/lennylabs/lenny/pkg/gateway/sessionserver/events.go:166.2,170.6 3 0
github.com/lennylabs/lenny/pkg/gateway/sessionserver/events.go:170.6,171.10 1 0
github.com/lennylabs/lenny/pkg/gateway/sessionserver/events.go:172.21,173.10 1 0
github.com/lennylabs/lenny/pkg/gateway/sessionserver/events.go:174.35,175.13 1 0
github.com/lennylabs/lenny/pkg/gateway/sessionserver/events.go:175.13,177.5 1 0
github.com/lennylabs/lenny/pkg/gateway/sessionserver/events.go:178.4,179.19 2 0
github.com/lennylabs/lenny/pkg/gateway/sessionserver/events.go:187.43,188.49 1 0
github.com/lennylabs/lenny/pkg/gateway/sessionserver/events.go:188.49,189.57 1 0
github.com/lennylabs/lenny/pkg/gateway/sessionserver/events.go:189.57,191.4 1 0
github.com/lennylabs/lenny/pkg/gateway/sessionserver/events.go:193.2,193.49 1 0
github.com/lennylabs/lenny/pkg/gateway/sessionserver/events.go:193.49,194.57 1 0
github.com/lennylabs/lenny/pkg/gateway/sessionserver/events.go:194.57,196.4 1 0
github.com/lennylabs/lenny/pkg/gateway/sessionserver/events.go:198.2,198.10 1 0
github.com/lennylabs/lenny/pkg/gateway/sessionserver/events.go:202.67,206.2 3 0
github.com/lennylabs/lenny/pkg/gateway/sessionserver/events.go:216.78,217.20 1 0
github.com/lennylabs/lenny/pkg/gateway/sessionserver/events.go:217.20,219.3 1 0
github.com/lennylabs/lenny/pkg/gateway/sessionserver/events.go:220.2,221.38 2 0
github.com/lennylabs/lenny/pkg/gateway/sessionserver/events.go:245.126,246.58 1 0
github.com/lennylabs/lenny/pkg/gateway/sessionserver/events.go:246.58,248.3 1 0
github.com/lennylabs/lenny/pkg/gateway/sessionserver/events.go:249.2,249.65 1 0
github.com/lennylabs/lenny/pkg/gateway/sessionserver/events.go:249.65,251.3 1 0
github.com/lennylabs/lenny/pkg/gateway/sessionserver/events.go:252.2,252.54 1 0
github.com/lennylabs/lenny/pkg/gateway/sessionserver/events.go:252.54,254.3 1 0
github.com/lennylabs/lenny/pkg/gateway/sessionserver/events.go:255.2,255.13 1 0
github.com/lennylabs/lenny/pkg/gateway/sessionserver/events.go:284.131,285.46 1 0
github.com/lennylabs/lenny/pkg/gateway/sessionserver/events.go:285.46,287.3 1 0
github.com/lennylabs/lenny/pkg/gateway/sessionserver/events.go:288.2,290.95 3 0
github.com/lennylabs/lenny/pkg/gateway/sessionserver/events.go:290.95,292.3 1 0
github.com/lennylabs/lenny/pkg/gateway/sessionserver/events.go:315.88,316.29 1 0
github.com/lennylabs/lenny/pkg/gateway/sessionserver/events.go:316.29,318.3 1 0
github.com/lennylabs/lenny/pkg/gateway/sessionserver/events.go:319.2,325.16 4 0
github.com/lennylabs/lenny/pkg/gateway/sessionserver/events.go:325.16,327.3 1 0
github.com/lennylabs/lenny/pkg/gateway/sessionserver/events.go:328.2,345.16 5 0
github.com/lennylabs/lenny/pkg/gateway/sessionserver/events.go:345.16,347.3 1 0
github.com/lennylabs/lenny/pkg/gateway/sessionserver/events.go:348.2,349.41 2 0
github.com/lennylabs/lenny/pkg/gateway/sessionserver/events.go:358.83,366.65 1 563
github.com/lennylabs/lenny/pkg/gateway/sessionserver/events.go:366.65,368.3 1 0
github.com/lennylabs/lenny/pkg/gateway/sessionserver/events.go:369.2,369.21 1 563
github.com/lennylabs/lenny/pkg/gateway/sessionserver/events.go:369.21,371.3 1 551
github.com/lennylabs/lenny/pkg/gateway/sessionserver/events.go:372.2,373.16 2 12
github.com/lennylabs/lenny/pkg/gateway/sessionserver/events.go:373.16,375.3 1 0
github.com/lennylabs/lenny/pkg/gateway/sessionserver/events.go:376.2,376.20 1 12
github.com/lennylabs/lenny/pkg/gateway/sessionserver/events.go:376.20,379.3 2 0
github.com/lennylabs/lenny/pkg/gateway/sessionserver/events.go:380.2,380.84 1 12
github.com/lennylabs/lenny/pkg/gateway/sessionserver/events.go:387.50,388.19 1 0
github.com/lennylabs/lenny/pkg/gateway/sessionserver/events.go:389.55,390.14 1 0
github.com/lennylabs/lenny/pkg/gateway/sessionserver/events.go:392.2,392.49 1 0
github.com/lennylabs/lenny/pkg/gateway/sessionserver/events.go:401.77,402.38 1 279
github.com/lennylabs/lenny/pkg/gateway/sessionserver/events.go:402.38,404.3 1 274
github.com/lennylabs/lenny/pkg/gateway/sessionserver/events.go:405.2,405.29 1 5
github.com/lennylabs/lenny/pkg/gateway/sessionserver/events.go:405.29,407.3 1 0
github.com/lennylabs/lenny/pkg/gateway/sessionserver/events.go:408.2,408.79 1 5
github.com/lennylabs/lenny/pkg/gateway/sessionserver/events.go:408.79,410.3 1 2
github.com/lennylabs/lenny/pkg/gateway/sessionserver/events.go:411.2,412.9 2 3
github.com/lennylabs/lenny/pkg/gateway/sessionserver/events.go:412.9,416.3 1 1
github.com/lennylabs/lenny/pkg/gateway/sessionserver/events.go:417.2,418.17 2 2
github.com/lennylabs/lenny/pkg/gateway/sessionserver/events.go:418.17,420.3 1 0
github.com/lennylabs/lenny/pkg/gateway/sessionserver/events.go:421.2,421.93 1 2
github.com/lennylabs/lenny/pkg/gateway/sessionserver/events.go:430.95,433.17 2 0
github.com/lennylabs/lenny/pkg/gateway/sessionserver/events.go:433.17,436.3 2 0
github.com/lennylabs/lenny/pkg/gateway/sessionserver/events.go:437.2,438.34 2 0
github.com/lennylabs/lenny/pkg/gateway/sessionserver/events.go:438.34,439.78 1 0
github.com/lennylabs/lenny/pkg/gateway/sessionserver/events.go:439.78,441.4 1 0
github.com/lennylabs/lenny/pkg/gateway/sessionserver/events.go:442.8,442.56 1 0
github.com/lennylabs/lenny/pkg/gateway/sessionserver/events.go:442.56,443.57 1 0
github.com/lennylabs/lenny/pkg/gateway/sessionserver/events.go:443.57,445.4 1 0
github.com/lennylabs/lenny/pkg/gateway/sessionserver/events.go:452.2,453.16 2 0
github.com/lennylabs/lenny/pkg/gateway/sessionserver/events.go:453.16,456.3 2 0
github.com/lennylabs/lenny/pkg/gateway/sessionserver/events.go:457.2,463.30 5 0
github.com/lennylabs/lenny/pkg/gateway/sessionserver/events.go:463.30,466.3 2 0
github.com/lennylabs/lenny/pkg/gateway/sessionserver/events.go:467.2,467.26 1 0
github.com/lennylabs/lenny/pkg/gateway/sessionserver/events.go:467.26,475.3 1 0
github.com/lennylabs/lenny/pkg/gateway/sessionserver/events.go:476.2,477.40 2 0
github.com/lennylabs/lenny/pkg/gateway/sessionserver/events.go:477.40,481.3 3 0
github.com/lennylabs/lenny/pkg/gateway/sessionserver/events.go:483.2,484.41 2 0
github.com/lennylabs/lenny/pkg/gateway/sessionserver/experimentrouter.go:55.92,57.2 1 0
github.com/lennylabs/lenny/pkg/gateway/sessionserver/experimentrouter.go:61.109,63.16 2 0
github.com/lennylabs/lenny/pkg/gateway/sessionserver/experimentrouter.go:63.16,65.3 1 0
github.com/lennylabs/lenny/pkg/gateway/sessionserver/experimentrouter.go:66.2,66.41 1 0
github.com/lennylabs/lenny/pkg/gateway/sessionserver/experimentrouter.go:73.132,75.16 2 0
github.com/lennylabs/lenny/pkg/gateway/sessionserver/experimentrouter.go:75.16,77.3 1 0
github.com/lennylabs/lenny/pkg/gateway/sessionserver/experimentrouter.go:78.2,78.80 1 0
github.com/lennylabs/lenny/pkg/gateway/sessionserver/experimentrouter.go:84.128,86.16 2 0
github.com/lennylabs/lenny/pkg/gateway/sessionserver/experimentrouter.go:86.16,88.3 1 0
github.com/lennylabs/lenny/pkg/gateway/sessionserver/experimentrouter.go:89.2,89.80 1 0
github.com/lennylabs/lenny/pkg/gateway/sessionserver/experimentrouter.go:99.107,101.2 1 0
github.com/lennylabs/lenny/pkg/gateway/sessionserver/experimentrouter.go:125.48,130.2 1 0
github.com/lennylabs/lenny/pkg/gateway/sessionserver/experimentrouter.go:199.95,200.26 1 0
github.com/lennylabs/lenny/pkg/gateway/sessionserver/experimentrouter.go:200.26,202.3 1 0
github.com/lennylabs/lenny/pkg/gateway/sessionserver/experimentrouter.go:203.2,204.33 2 0
github.com/lennylabs/lenny/pkg/gateway/sessionserver/experimentrouter.go:204.33,206.3 1 0
github.com/lennylabs/lenny/pkg/gateway/sessionserver/experimentrouter.go:207.2,208.24 2 0
github.com/lennylabs/lenny/pkg/gateway/sessionserver/experimentrouter.go:208.24,209.38 1 0
github.com/lennylabs/lenny/pkg/gateway/sessionserver/experimentrouter.go:209.38,211.4 1 0
github.com/lennylabs/lenny/pkg/gateway/sessionserver/experimentrouter.go:213.2,213.51 1 0
github.com/lennylabs/lenny/pkg/gateway/sessionserver/experimentrouter.go:213.51,215.3 1 0
github.com/lennylabs/lenny/pkg/gateway/sessionserver/experimentrouter.go:216.2,217.31 2 0
github.com/lennylabs/lenny/pkg/gateway/sessionserver/experimentrouter.go:217.31,219.3 1 0
github.com/lennylabs/lenny/pkg/gateway/sessionserver/experimentrouter.go:224.2,233.35 4 0
github.com/lennylabs/lenny/pkg/gateway/sessionserver/experimentrouter.go:233.35,235.3 1 0
github.com/lennylabs/lenny/pkg/gateway/sessionserver/experimentrouter.go:236.2,237.9 2 0
github.com/lennylabs/lenny/pkg/gateway/sessionserver/experimentrouter.go:237.9,239.3 1 0
github.com/lennylabs/lenny/pkg/gateway/sessionserver/experimentrouter.go:242.2,242.79 1 0
github.com/lennylabs/lenny/pkg/gateway/sessionserver/experimentrouter.go:242.79,244.3 1 0
github.com/lennylabs/lenny/pkg/gateway/sessionserver/experimentrouter.go:245.2,249.27 2 0
github.com/lennylabs/lenny/pkg/gateway/sessionserver/experimentrouter.go:249.27,251.3 1 0
github.com/lennylabs/lenny/pkg/gateway/sessionserver/experimentrouter.go:252.2,252.24 1 0
github.com/lennylabs/lenny/pkg/gateway/sessionserver/experimentrouter.go:252.24,254.3 1 0
github.com/lennylabs/lenny/pkg/gateway/sessionserver/experimentrouter.go:258.2,260.12 2 0
github.com/lennylabs/lenny/pkg/gateway/sessionserver/experimentrouter.go:269.128,270.46 1 0
github.com/lennylabs/lenny/pkg/gateway/sessionserver/experimentrouter.go:270.46,272.3 1 0
github.com/lennylabs/lenny/pkg/gateway/sessionserver/experimentrouter.go:273.2,285.4 2 0
github.com/lennylabs/lenny/pkg/gateway/sessionserver/experimentrouter.go:296.159,297.22 1 0
github.com/lennylabs/lenny/pkg/gateway/sessionserver/experimentrouter.go:297.22,299.3 1 0
github.com/lennylabs/lenny/pkg/gateway/sessionserver/experimentrouter.go:300.2,301.60 2 0
github.com/lennylabs/lenny/pkg/gateway/sessionserver/experimentrouter.go:301.60,303.3 1 0
github.com/lennylabs/lenny/pkg/gateway/sessionserver/experimentrouter.go:304.2,311.19 3 0
github.com/lennylabs/lenny/pkg/gateway/sessionserver/experimentrouter.go:311.19,313.3 1 0
github.com/lennylabs/lenny/pkg/gateway/sessionserver/experimentrouter.go:314.2,329.50 5 0
github.com/lennylabs/lenny/pkg/gateway/sessionserver/experimentrouter.go:329.50,330.13 1 0
github.com/lennylabs/lenny/pkg/gateway/sessionserver/experimentrouter.go:330.13,332.4 1 0
github.com/lennylabs/lenny/pkg/gateway/sessionserver/experimentrouter.go:337.3,337.61 1 0
github.com/lennylabs/lenny/pkg/gateway/sessionserver/experimentrouter.go:337.61,340.4 2 0
github.com/lennylabs/lenny/pkg/gateway/sessionserver/experimentrouter.go:341.3,349.17 5 0
github.com/lennylabs/lenny/pkg/gateway/sessionserver/experimentrouter.go:349.17,356.4 4 0
github.com/lennylabs/lenny/pkg/gateway/sessionserver/experimentrouter.go:361.3,361.78 1 0
github.com/lennylabs/lenny/pkg/gateway/sessionserver/experimentrouter.go:361.78,364.4 2 0
github.com/lennylabs/lenny/pkg/gateway/sessionserver/experimentrouter.go:365.3,368.13 2 0
github.com/lennylabs/lenny/pkg/gateway/sessionserver/experimentrouter.go:368.13,371.4 2 0
github.com/lennylabs/lenny/pkg/gateway/sessionserver/experimentrouter.go:372.3,372.25 1 0
github.com/lennylabs/lenny/pkg/gateway/sessionserver/experimentrouter.go:387.122,388.22 1 0
github.com/lennylabs/lenny/pkg/gateway/sessionserver/experimentrouter.go:389.41,390.23 1 0
github.com/lennylabs/lenny/pkg/gateway/sessionserver/experimentrouter.go:390.23,392.4 1 0
github.com/lennylabs/lenny/pkg/gateway/sessionserver/experimentrouter.go:393.3,398.17 2 0
github.com/lennylabs/lenny/pkg/gateway/sessionserver/experimentrouter.go:398.17,400.4 1 0
github.com/lennylabs/lenny/pkg/gateway/sessionserver/experimentrouter.go:401.3,401.94 1 0
github.com/lennylabs/lenny/pkg/gateway/sessionserver/experimentrouter.go:404.39,405.33 1 0
github.com/lennylabs/lenny/pkg/gateway/sessionserver/experimentrouter.go:405.33,407.4 1 0
github.com/lennylabs/lenny/pkg/gateway/sessionserver/experimentrouter.go:408.3,409.17 2 0
github.com/lennylabs/lenny/pkg/gateway/sessionserver/experimentrouter.go:409.17,411.4 1 0
github.com/lennylabs/lenny/pkg/gateway/sessionserver/experimentrouter.go:412.3,412.38 1 0
github.com/lennylabs/lenny/pkg/gateway/sessionserver/experimentrouter.go:414.2,414.16 1 0
github.com/lennylabs/lenny/pkg/gateway/sessionserver/experimentrouter.go:432.195,433.26 1 0
github.com/lennylabs/lenny/pkg/gateway/sessionserver/experimentrouter.go:433.26,435.3 1 0
github.com/lennylabs/lenny/pkg/gateway/sessionserver/experimentrouter.go:436.2,437.31 2 0
github.com/lennylabs/lenny/pkg/gateway/sessionserver/experimentrouter.go:437.31,439.91 2 0
github.com/lennylabs/lenny/pkg/gateway/sessionserver/experimentrouter.go:439.91,441.4 1 0
github.com/lennylabs/lenny/pkg/gateway/sessionserver/experimentrouter.go:443.2,443.30 1 0
github.com/lennylabs/lenny/pkg/gateway/sessionserver/experimentrouter.go:443.30,445.3 1 0
github.com/lennylabs/lenny/pkg/gateway/sessionserver/experimentrouter.go:446.2,446.50 1 0
github.com/lennylabs/lenny/pkg/gateway/sessionserver/experimentrouter.go:446.50,447.36 1 0
github.com/lennylabs/lenny/pkg/gateway/sessionserver/experimentrouter.go:447.36,448.20 1 0
github.com/lennylabs/lenny/pkg/gateway/sessionserver/experimentrouter.go:448.20,450.5 1 0
github.com/lennylabs/lenny/pkg/gateway/sessionserver/experimentrouter.go:451.4,451.30 1 0
github.com/lennylabs/lenny/pkg/gateway/sessionserver/experimentrouter.go:453.3,453.101 1 0
github.com/lennylabs/lenny/pkg/gateway/sessionserver/experimentrouter.go:453.101,455.4 1 0
github.com/lennylabs/lenny/pkg/gateway/sessionserver/experimentrouter.go:456.3,456.19 1 0
github.com/lennylabs/lenny/pkg/gateway/sessionserver/experimentrouter.go:456.19,458.4 1 0
github.com/lennylabs/lenny/pkg/gateway/sessionserver/experimentrouter.go:459.3,460.9 2 0
github.com/lennylabs/lenny/pkg/gateway/sessionserver/experimentrouter.go:460.9,465.4 1 0
github.com/lennylabs/lenny/pkg/gateway/sessionserver/experimentrouter.go:466.3,466.15 1 0
github.com/lennylabs/lenny/pkg/gateway/sessionserver/experimentrouter.go:473.98,474.33 1 0
github.com/lennylabs/lenny/pkg/gateway/sessionserver/experimentrouter.go:474.33,476.3 1 0
github.com/lennylabs/lenny/pkg/gateway/sessionserver/experimentrouter.go:477.2,477.71 1 0
github.com/lennylabs/lenny/pkg/gateway/sessionserver/experimentrouter.go:483.88,484.33 1 0
github.com/lennylabs/lenny/pkg/gateway/sessionserver/experimentrouter.go:484.33,486.3 1 0
github.com/lennylabs/lenny/pkg/gateway/sessionserver/experimentrouter.go:487.2,487.69 1 0
github.com/lennylabs/lenny/pkg/gateway/sessionserver/experimentrouter.go:494.92,495.51 1 0
github.com/lennylabs/lenny/pkg/gateway/sessionserver/experimentrouter.go:495.51,496.70 1 0
github.com/lennylabs/lenny/pkg/gateway/sessionserver/experimentrouter.go:496.70,498.4 1 0
github.com/lennylabs/lenny/pkg/gateway/sessionserver/experimentrouter.go:500.2,500.25 1 0
github.com/lennylabs/lenny/pkg/gateway/sessionserver/experimentrouter.go:509.47,511.25 2 0
github.com/lennylabs/lenny/pkg/gateway/sessionserver/experimentrouter.go:511.25,512.20 1 0
github.com/lennylabs/lenny/pkg/gateway/sessionserver/experimentrouter.go:512.20,514.4 1 0
github.com/lennylabs/lenny/pkg/gateway/sessionserver/experimentrouter.go:515.3,515.22 1 0
github.com/lennylabs/lenny/pkg/gateway/sessionserver/experimentrouter.go:521.2,522.25 2 0
github.com/lennylabs/lenny/pkg/gateway/sessionserver/experimentrouter.go:522.25,523.20 1 0
github.com/lennylabs/lenny/pkg/gateway/sessionserver/experimentrouter.go:523.20,525.4 1 0
github.com/lennylabs/lenny/pkg/gateway/sessionserver/experimentrouter.go:526.3,526.26 1 0
github.com/lennylabs/lenny/pkg/gateway/sessionserver/experimentrouter.go:528.2,529.41 2 0
github.com/lennylabs/lenny/pkg/gateway/sessionserver/experimentrouter.go:529.41,531.3 1 0
github.com/lennylabs/lenny/pkg/gateway/sessionserver/experimentrouter.go:532.2,532.46 1 0
github.com/lennylabs/lenny/pkg/gateway/sessionserver/experimentrouter.go:532.46,534.3 1 0
github.com/lennylabs/lenny/pkg/gateway/sessionserver/experimentrouter.go:535.2,535.20 1 0
github.com/lennylabs/lenny/pkg/gateway/sessionserver/experimentrouter.go:541.82,543.31 2 0
github.com/lennylabs/lenny/pkg/gateway/sessionserver/experimentrouter.go:543.31,545.3 1 0
github.com/lennylabs/lenny/pkg/gateway/sessionserver/experimentrouter.go:546.2,546.12 1 0
github.com/lennylabs/lenny/pkg/gateway/sessionserver/experimentrouter.go:552.90,553.31 1 0
github.com/lennylabs/lenny/pkg/gateway/sessionserver/experimentrouter.go:553.31,554.27 1 0
github.com/lennylabs/lenny/pkg/gateway/sessionserver/experimentrouter.go:554.27,555.12 1 0
github.com/lennylabs/lenny/pkg/gateway/sessionserver/experimentrouter.go:557.3,558.32 2 0
github.com/lennylabs/lenny/pkg/gateway/sessionserver/experimentrouter.go:558.32,560.4 1 0
github.com/lennylabs/lenny/pkg/gateway/sessionserver/experimentrouter.go:561.3,561.13 1 0
github.com/lennylabs/lenny/pkg/gateway/sessionserver/experimentrouter.go:563.2,563.12 1 0
github.com/lennylabs/lenny/pkg/gateway/sessionserver/experimentrouter.go:569.128,570.25 1 0
github.com/lennylabs/lenny/pkg/gateway/sessionserver/experimentrouter.go:570.25,572.3 1 0
github.com/lennylabs/lenny/pkg/gateway/sessionserver/experimentrouter.go:573.2,585.4 2 0
github.com/lennylabs/lenny/pkg/gateway/sessionserver/experimentrouter.go:592.138,593.25 1 0
github.com/lennylabs/lenny/pkg/gateway/sessionserver/experimentrouter.go:593.25,595.3 1 0
github.com/lennylabs/lenny/pkg/gateway/sessionserver/experimentrouter.go:596.2,609.4 2 0
github.com/lennylabs/lenny/pkg/gateway/sessionserver/experimentrouter.go:616.127,617.25 1 0
github.com/lennylabs/lenny/pkg/gateway/sessionserver/experimentrouter.go:617.25,619.3 1 0
github.com/lennylabs/lenny/pkg/gateway/sessionserver/experimentrouter.go:620.2,632.4 2 0
github.com/lennylabs/lenny/pkg/gateway/sessionserver/experimentrouter.go:640.106,642.16 2 0
github.com/lennylabs/lenny/pkg/gateway/sessionserver/experimentrouter.go:642.16,644.3 1 0
github.com/lennylabs/lenny/pkg/gateway/sessionserver/experimentrouter.go:645.2,646.25 2 0
github.com/lennylabs/lenny/pkg/gateway/sessionserver/experimentrouter.go:646.25,650.34 1 0
github.com/lennylabs/lenny/pkg/gateway/sessionserver/experimentrouter.go:650.34,659.4 1 0
github.com/lennylabs/lenny/pkg/gateway/sessionserver/experimentrouter.go:660.3,668.15 2 0
github.com/lennylabs/lenny/pkg/gateway/sessionserver/experimentrouter.go:670.2,671.14 2 0
github.com/lennylabs/lenny/pkg/gateway/sessionserver/experimentrouter.go:676.123,677.31 1 0
github.com/lennylabs/lenny/pkg/gateway/sessionserver/experimentrouter.go:677.31,678.27 1 0
github.com/lennylabs/lenny/pkg/gateway/sessionserver/experimentrouter.go:678.27,679.12 1 0
github.com/lennylabs/lenny/pkg/gateway/sessionserver/experimentrouter.go:681.3,681.32 1 0
github.com/lennylabs/lenny/pkg/gateway/sessionserver/experimentrouter.go:681.32,682.25 1 0
github.com/lennylabs/lenny/pkg/gateway/sessionserver/experimentrouter.go:682.25,684.5 1 0
github.com/lennylabs/lenny/pkg/gateway/sessionserver/experimentrouter.go:687.2,687.41 1 0
github.com/lennylabs/lenny/pkg/gateway/sessionserver/experimentrouter.go:693.146,694.66 1 0
github.com/lennylabs/lenny/pkg/gateway/sessionserver/experimentrouter.go:694.66,696.3 1 0
github.com/lennylabs/lenny/pkg/gateway/sessionserver/experimentrouter.go:697.2,698.61 2 0
github.com/lennylabs/lenny/pkg/gateway/sessionserver/experimentrouter.go:698.61,700.3 1 0
github.com/lennylabs/lenny/pkg/gateway/sessionserver/experimentrouter.go:701.2,701.81 1 0
github.com/lennylabs/lenny/pkg/gateway/sessionserver/experimentrouter.go:701.81,703.3 1 0
github.com/lennylabs/lenny/pkg/gateway/sessionserver/experimentrouter.go:704.2,709.3 1 0
github.com/lennylabs/lenny/pkg/gateway/sessionserver/expiry_warning.go:36.132,42.2 2 0
github.com/lennylabs/lenny/pkg/gateway/sessionserver/expiry_warning.go:53.114,54.26 1 0
github.com/lennylabs/lenny/pkg/gateway/sessionserver/expiry_warning.go:54.26,56.3 1 0
github.com/lennylabs/lenny/pkg/gateway/sessionserver/expiry_warning.go:57.2,58.47 2 0
github.com/lennylabs/lenny/pkg/gateway/sessionserver/expiry_warning.go:58.47,60.3 1 0
github.com/lennylabs/lenny/pkg/gateway/sessionserver/expiry_warning.go:61.2,66.101 4 0
github.com/lennylabs/lenny/pkg/gateway/sessionserver/expiry_warning.go:66.101,68.3 1 0
github.com/lennylabs/lenny/pkg/gateway/sessionserver/failure.go:119.107,120.67 1 0
github.com/lennylabs/lenny/pkg/gateway/sessionserver/failure.go:120.67,123.3 1 0
github.com/lennylabs/lenny/pkg/gateway/sessionserver/failure.go:124.2,125.16 2 0
github.com/lennylabs/lenny/pkg/gateway/sessionserver/failure.go:125.16,127.3 1 0
github.com/lennylabs/lenny/pkg/gateway/sessionserver/failure.go:128.2,129.35 2 0
github.com/lennylabs/lenny/pkg/gateway/sessionserver/failure.go:129.35,133.3 1 0
github.com/lennylabs/lenny/pkg/gateway/sessionserver/failure.go:134.2,134.52 1 0
github.com/lennylabs/lenny/pkg/gateway/sessionserver/failure.go:134.52,138.3 1 0
github.com/lennylabs/lenny/pkg/gateway/sessionserver/failure.go:139.2,145.19 5 0
github.com/lennylabs/lenny/pkg/gateway/sessionserver/failure.go:147.30,148.77 1 0
github.com/lennylabs/lenny/pkg/gateway/sessionserver/failure.go:149.29,150.79 1 0
github.com/lennylabs/lenny/pkg/gateway/sessionserver/failure.go:152.25,158.19 1 0
github.com/lennylabs/lenny/pkg/gateway/sessionserver/failure.go:159.10,161.19 1 0
github.com/lennylabs/lenny/pkg/gateway/sessionserver/failure.go:174.31,180.9 4 0
github.com/lennylabs/lenny/pkg/gateway/sessionserver/failure.go:181.31,182.80 1 0
github.com/lennylabs/lenny/pkg/gateway/sessionserver/failure.go:183.32,184.93 1 0
github.com/lennylabs/lenny/pkg/gateway/sessionserver/failure.go:185.10,190.79 1 0
github.com/lennylabs/lenny/pkg/gateway/sessionserver/failure.go:208.31,214.9 6 0
github.com/lennylabs/lenny/pkg/gateway/sessionserver/failure.go:215.31,216.85 1 0
github.com/lennylabs/lenny/pkg/gateway/sessionserver/failure.go:217.10,220.98 1 0
github.com/lennylabs/lenny/pkg/gateway/sessionserver/failure.go:222.2,222.90 1 0
github.com/lennylabs/lenny/pkg/gateway/sessionserver/failure.go:222.90,224.3 1 0
github.com/lennylabs/lenny/pkg/gateway/sessionserver/failure.go:225.2,225.18 1 0
github.com/lennylabs/lenny/pkg/gateway/sessionserver/failure.go:233.31,234.96 1 0
github.com/lennylabs/lenny/pkg/gateway/sessionserver/failure.go:234.96,235.44 1 0
github.com/lennylabs/lenny/pkg/gateway/sessionserver/failure.go:235.44,237.4 1 0
github.com/lennylabs/lenny/pkg/gateway/sessionserver/failure.go:238.3,238.66 1 0
github.com/lennylabs/lenny/pkg/gateway/sessionserver/failure.go:238.66,240.4 1 0
github.com/lennylabs/lenny/pkg/gateway/sessionserver/failure.go:241.3,244.30 4 0
github.com/lennylabs/lenny/pkg/gateway/sessionserver/failure.go:244.30,246.4 1 0
github.com/lennylabs/lenny/pkg/gateway/sessionserver/failure.go:247.3,247.13 1 0
github.com/lennylabs/lenny/pkg/gateway/sessionserver/failure.go:249.2,249.16 1 0
github.com/lennylabs/lenny/pkg/gateway/sessionserver/failure.go:249.16,250.40 1 0
github.com/lennylabs/lenny/pkg/gateway/sessionserver/failure.go:250.40,257.4 1 0
github.com/lennylabs/lenny/pkg/gateway/sessionserver/failure.go:258.3,258.35 1 0
github.com/lennylabs/lenny/pkg/gateway/sessionserver/failure.go:260.2,271.8 4 0
github.com/lennylabs/lenny/pkg/gateway/sessionserver/failure.go:279.31,280.96 1 0
github.com/lennylabs/lenny/pkg/gateway/sessionserver/failure.go:280.96,281.51 1 0
github.com/lennylabs/lenny/pkg/gateway/sessionserver/failure.go:281.51,283.4 1 0
github.com/lennylabs/lenny/pkg/gateway/sessionserver/failure.go:284.3,284.73 1 0
github.com/lennylabs/lenny/pkg/gateway/sessionserver/failure.go:284.73,286.4 1 0
github.com/lennylabs/lenny/pkg/gateway/sessionserver/failure.go:287.3,289.30 3 0
github.com/lennylabs/lenny/pkg/gateway/sessionserver/failure.go:289.30,291.4 1 0
github.com/lennylabs/lenny/pkg/gateway/sessionserver/failure.go:292.3,292.13 1 0
github.com/lennylabs/lenny/pkg/gateway/sessionserver/failure.go:294.2,294.16 1 0
github.com/lennylabs/lenny/pkg/gateway/sessionserver/failure.go:294.16,295.40 1 0
github.com/lennylabs/lenny/pkg/gateway/sessionserver/failure.go:295.40,300.4 1 0
github.com/lennylabs/lenny/pkg/gateway/sessionserver/failure.go:301.3,301.35 1 0
github.com/lennylabs/lenny/pkg/gateway/sessionserver/failure.go:303.2,307.8 2 0
github.com/lennylabs/lenny/pkg/gateway/sessionserver/failure.go:315.31,316.96 1 0
github.com/lennylabs/lenny/pkg/gateway/sessionserver/failure.go:316.96,317.34 1 0
github.com/lennylabs/lenny/pkg/gateway/sessionserver/failure.go:317.34,319.4 1 0
github.com/lennylabs/lenny/pkg/gateway/sessionserver/failure.go:320.3,320.59 1 0
github.com/lennylabs/lenny/pkg/gateway/sessionserver/failure.go:320.59,322.4 1 0
github.com/lennylabs/lenny/pkg/gateway/sessionserver/failure.go:323.3,326.30 4 0
github.com/lennylabs/lenny/pkg/gateway/sessionserver/failure.go:326.30,328.4 1 0
github.com/lennylabs/lenny/pkg/gateway/sessionserver/failure.go:329.3,329.13 1 0
github.com/lennylabs/lenny/pkg/gateway/sessionserver/failure.go:331.2,331.16 1 0
github.com/lennylabs/lenny/pkg/gateway/sessionserver/failure.go:331.16,332.40 1 0
github.com/lennylabs/lenny/pkg/gateway/sessionserver/failure.go:332.40,337.4 1 0
github.com/lennylabs/lenny/pkg/gateway/sessionserver/failure.go:338.3,338.35 1 0
github.com/lennylabs/lenny/pkg/gateway/sessionserver/failure.go:340.2,340.42 1 0
github.com/lennylabs/lenny/pkg/gateway/sessionserver/failure.go:340.42,345.3 1 0
github.com/lennylabs/lenny/pkg/gateway/sessionserver/failure.go:346.2,349.8 1 0
github.com/lennylabs/lenny/pkg/gateway/sessionserver/failure.go:364.57,365.12 1 0
github.com/lennylabs/lenny/pkg/gateway/sessionserver/failure.go:366.34,367.15 1 0
github.com/lennylabs/lenny/pkg/gateway/sessionserver/failure.go:370.38,371.15 1 0
github.com/lennylabs/lenny/pkg/gateway/sessionserver/failure.go:373.41,374.15 1 0
github.com/lennylabs/lenny/pkg/gateway/sessionserver/failure.go:377.27,378.15 1 0
github.com/lennylabs/lenny/pkg/gateway/sessionserver/failure.go:380.27,381.15 1 0
github.com/lennylabs/lenny/pkg/gateway/sessionserver/failure.go:386.26,387.15 1 0
github.com/lennylabs/lenny/pkg/gateway/sessionserver/failure.go:390.2,390.14 1 0
github.com/lennylabs/lenny/pkg/gateway/sessionserver/failure.go:401.64,402.16 1 0
github.com/lennylabs/lenny/pkg/gateway/sessionserver/failure.go:404.35,405.37 1 0
github.com/lennylabs/lenny/pkg/gateway/sessionserver/failure.go:406.56,407.50 1 0
github.com/lennylabs/lenny/pkg/gateway/sessionserver/failure.go:408.49,409.37 1 0
github.com/lennylabs/lenny/pkg/gateway/sessionserver/failure.go:410.10,411.37 1 0
github.com/lennylabs/lenny/pkg/gateway/sessionserver/failure.go:422.92,423.62 1 0
github.com/lennylabs/lenny/pkg/gateway/sessionserver/failure.go:423.62,425.3 1 0
github.com/lennylabs/lenny/pkg/gateway/sessionserver/failure.go:426.2,426.25 1 0
github.com/lennylabs/lenny/pkg/gateway/sessionserver/failure.go:426.25,428.3 1 0
github.com/lennylabs/lenny/pkg/gateway/sessionserver/failure.go:429.2,429.35 1 0
github.com/lennylabs/lenny/pkg/gateway/sessionserver/finalize.go:57.3,59.13 2 0
github.com/lennylabs/lenny/pkg/gateway/sessionserver/finalize.go:59.13,61.3 1 0
github.com/lennylabs/lenny/pkg/gateway/sessionserver/finalize.go:62.2,62.38 1 0
github.com/lennylabs/lenny/pkg/gateway/sessionserver/finalize.go:62.38,64.3 1 0
github.com/lennylabs/lenny/pkg/gateway/sessionserver/finalize.go:70.2,70.66 1 0
github.com/lennylabs/lenny/pkg/gateway/sessionserver/finalize.go:70.66,75.3 2 0
github.com/lennylabs/lenny/pkg/gateway/sessionserver/finalize.go:77.2,78.13 2 0
github.com/lennylabs/lenny/pkg/gateway/sessionserver/finalize.go:78.13,80.3 1 0
github.com/lennylabs/lenny/pkg/gateway/sessionserver/finalize.go:83.2,83.64 1 0
github.com/lennylabs/lenny/pkg/gateway/sessionserver/finalize.go:83.64,85.3 1 0
github.com/lennylabs/lenny/pkg/gateway/sessionserver/finalize.go:90.2,90.64 1 0
github.com/lennylabs/lenny/pkg/gateway/sessionserver/finalize.go:90.64,92.3 1 0
github.com/lennylabs/lenny/pkg/gateway/sessionserver/finalize.go:93.2,93.38 1 0
github.com/lennylabs/lenny/pkg/gateway/sessionserver/finalize.go:99.103,100.19 1 0
github.com/lennylabs/lenny/pkg/gateway/sessionserver/finalize.go:100.19,102.3 1 0
github.com/lennylabs/lenny/pkg/gateway/sessionserver/finalize.go:103.2,104.16 2 0
github.com/lennylabs/lenny/pkg/gateway/sessionserver/finalize.go:104.16,108.3 2 0
github.com/lennylabs/lenny/pkg/gateway/sessionserver/finalize.go:109.2,109.37 1 0
github.com/lennylabs/lenny/pkg/gateway/sessionserver/finalize.go:109.37,111.3 1 0
github.com/lennylabs/lenny/pkg/gateway/sessionserver/finalize.go:112.2,113.51 2 0
github.com/lennylabs/lenny/pkg/gateway/sessionserver/finalize.go:113.51,117.3 2 0
github.com/lennylabs/lenny/pkg/gateway/sessionserver/finalize.go:118.2,118.32 1 0
github.com/lennylabs/lenny/pkg/gateway/sessionserver/finalize.go:130.126,131.35 1 0
github.com/lennylabs/lenny/pkg/gateway/sessionserver/finalize.go:131.35,133.34 2 0
github.com/lennylabs/lenny/pkg/gateway/sessionserver/finalize.go:134.33,135.21 1 0
github.com/lennylabs/lenny/pkg/gateway/sessionserver/finalize.go:136.36,137.21 1 0
github.com/lennylabs/lenny/pkg/gateway/sessionserver/finalize.go:138.11,139.12 1 0
github.com/lennylabs/lenny/pkg/gateway/sessionserver/finalize.go:141.3,142.17 2 0
github.com/lennylabs/lenny/pkg/gateway/sessionserver/finalize.go:142.17,147.4 2 0
github.com/lennylabs/lenny/pkg/gateway/sessionserver/finalize.go:148.3,148.61 1 0
github.com/lennylabs/lenny/pkg/gateway/sessionserver/finalize.go:148.61,157.4 2 0
github.com/lennylabs/lenny/pkg/gateway/sessionserver/finalize.go:159.2,159.13 1 0
github.com/lennylabs/lenny/pkg/gateway/sessionserver/finalize.go:164.51,166.2 1 0
github.com/lennylabs/lenny/pkg/gateway/sessionserver/finalize.go:208.143,209.24 1 0
github.com/lennylabs/lenny/pkg/gateway/sessionserver/finalize.go:209.24,211.3 1 0
github.com/lennylabs/lenny/pkg/gateway/sessionserver/finalize.go:217.2,217.62 1 0
github.com/lennylabs/lenny/pkg/gateway/sessionserver/finalize.go:217.62,219.3 1 0
github.com/lennylabs/lenny/pkg/gateway/sessionserver/finalize.go:223.2,225.16 2 0
github.com/lennylabs/lenny/pkg/gateway/sessionserver/finalize.go:225.16,233.3 2 0
github.com/lennylabs/lenny/pkg/gateway/sessionserver/finalize.go:238.2,238.105 1 0
github.com/lennylabs/lenny/pkg/gateway/sessionserver/finalize.go:238.105,240.3 1 0
github.com/lennylabs/lenny/pkg/gateway/sessionserver/finalize.go:246.2,247.16 2 0
github.com/lennylabs/lenny/pkg/gateway/sessionserver/finalize.go:247.16,261.3 2 0
github.com/lennylabs/lenny/pkg/gateway/sessionserver/finalize.go:270.2,270.87 1 0
github.com/lennylabs/lenny/pkg/gateway/sessionserver/finalize.go:270.87,273.3 2 0
github.com/lennylabs/lenny/pkg/gateway/sessionserver/finalize.go:274.2,277.23 4 0
github.com/lennylabs/lenny/pkg/gateway/sessionserver/finalize.go:277.23,279.3 1 0
github.com/lennylabs/lenny/pkg/gateway/sessionserver/finalize.go:280.2,281.16 2 0
github.com/lennylabs/lenny/pkg/gateway/sessionserver/finalize.go:281.16,283.3 1 0
github.com/lennylabs/lenny/pkg/gateway/sessionserver/finalize.go:289.2,290.18 2 0
github.com/lennylabs/lenny/pkg/gateway/sessionserver/finalize.go:312.53,313.113 1 0
github.com/lennylabs/lenny/pkg/gateway/sessionserver/finalize.go:313.113,321.3 1 0
github.com/lennylabs/lenny/pkg/gateway/sessionserver/finalize.go:322.2,322.12 1 0
github.com/lennylabs/lenny/pkg/gateway/sessionserver/finalize.go:331.122,332.13 1 0
github.com/lennylabs/lenny/pkg/gateway/sessionserver/finalize.go:332.13,333.49 1 0
github.com/lennylabs/lenny/pkg/gateway/sessionserver/finalize.go:333.49,335.4 1 0
github.com/lennylabs/lenny/pkg/gateway/sessionserver/finalize.go:336.3,337.19 2 0
github.com/lennylabs/lenny/pkg/gateway/sessionserver/finalize.go:339.2,339.33 1 0
github.com/lennylabs/lenny/pkg/gateway/sessionserver/finalize.go:352.152,353.32 1 0
github.com/lennylabs/lenny/pkg/gateway/sessionserver/finalize.go:353.32,354.86 1 0
github.com/lennylabs/lenny/pkg/gateway/sessionserver/finalize.go:354.86,357.4 2 0
github.com/lennylabs/lenny/pkg/gateway/sessionserver/finalize.go:357.18,360.4 1 0
github.com/lennylabs/lenny/pkg/gateway/sessionserver/finalize.go:364.2,368.93 2 0
github.com/lennylabs/lenny/pkg/gateway/sessionserver/finalize.go:379.90,380.45 1 0
github.com/lennylabs/lenny/pkg/gateway/sessionserver/finalize.go:380.45,382.3 1 0
github.com/lennylabs/lenny/pkg/gateway/sessionserver/finalize.go:383.2,383.80 1 0
github.com/lennylabs/lenny/pkg/gateway/sessionserver/finalize.go:383.80,386.3 1 0
github.com/lennylabs/lenny/pkg/gateway/sessionserver/interactions.go:16.79,21.2 1 0
github.com/lennylabs/lenny/pkg/gateway/sessionserver/interactions.go:26.76,30.25 2 0
github.com/lennylabs/lenny/pkg/gateway/sessionserver/interactions.go:30.25,34.3 3 0
github.com/lennylabs/lenny/pkg/gateway/sessionserver/interactions.go:35.2,39.4 1 0
github.com/lennylabs/lenny/pkg/gateway/sessionserver/interactions.go:45.83,51.62 4 0
github.com/lennylabs/lenny/pkg/gateway/sessionserver/interactions.go:51.62,54.3 2 0
github.com/lennylabs/lenny/pkg/gateway/sessionserver/interactions.go:55.2,59.4 1 0
github.com/lennylabs/lenny/pkg/gateway/sessionserver/interactions.go:65.83,70.2 1 0
github.com/lennylabs/lenny/pkg/gateway/sessionserver/interactions.go:84.104,85.27 1 0
github.com/lennylabs/lenny/pkg/gateway/sessionserver/interactions.go:85.27,89.3 2 0
github.com/lennylabs/lenny/pkg/gateway/sessionserver/interactions.go:95.2,95.72 1 0
github.com/lennylabs/lenny/pkg/gateway/sessionserver/interactions.go:95.72,97.3 1 0
github.com/lennylabs/lenny/pkg/gateway/sessionserver/interactions.go:98.2,110.46 6 0
github.com/lennylabs/lenny/pkg/gateway/sessionserver/interactions.go:110.46,112.3 1 0
github.com/lennylabs/lenny/pkg/gateway/sessionserver/interactions.go:112.8,114.3 1 0
github.com/lennylabs/lenny/pkg/gateway/sessionserver/interactions.go:116.2,117.48 1 0
github.com/lennylabs/lenny/pkg/gateway/sessionserver/interactions.go:117.48,118.27 1 0
github.com/lennylabs/lenny/pkg/gateway/sessionserver/interactions.go:118.27,122.5 1 0
github.com/lennylabs/lenny/pkg/gateway/sessionserver/interactions.go:123.4,126.14 4 0
github.com/lennylabs/lenny/pkg/gateway/sessionserver/interactions.go:128.2,128.16 1 0
github.com/lennylabs/lenny/pkg/gateway/sessionserver/interactions.go:128.16,129.10 1 0
github.com/lennylabs/lenny/pkg/gateway/sessionserver/interactions.go:130.53,132.52 2 0
github.com/lennylabs/lenny/pkg/gateway/sessionserver/interactions.go:132.52,134.5 1 0
github.com/lennylabs/lenny/pkg/gateway/sessionserver/interactions.go:135.4,135.76 1 0
github.com/lennylabs/lenny/pkg/gateway/sessionserver/interactions.go:136.60,138.50 1 0
github.com/lennylabs/lenny/pkg/gateway/sessionserver/interactions.go:139.11,140.87 1 0
github.com/lennylabs/lenny/pkg/gateway/sessionserver/interactions.go:142.3,142.9 1 0
github.com/lennylabs/lenny/pkg/gateway/sessionserver/interactions.go:152.2,152.76 1 0
github.com/lennylabs/lenny/pkg/gateway/sessionserver/interactions.go:152.76,157.3 1 0
github.com/lennylabs/lenny/pkg/gateway/sessionserver/interactions.go:163.2,163.31 1 0
github.com/lennylabs/lenny/pkg/gateway/sessionserver/interactions.go:163.31,164.79 1 0
github.com/lennylabs/lenny/pkg/gateway/sessionserver/interactions.go:164.79,175.4 1 0
github.com/lennylabs/lenny/pkg/gateway/sessionserver/interactions.go:177.2,182.4 2 0
github.com/lennylabs/lenny/pkg/gateway/sessionserver/interactions.go:189.110,190.9 1 0
github.com/lennylabs/lenny/pkg/gateway/sessionserver/interactions.go:191.87,192.36 1 0
github.com/lennylabs/lenny/pkg/gateway/sessionserver/interactions.go:193.85,194.34 1 0
github.com/lennylabs/lenny/pkg/gateway/sessionserver/interactions.go:195.92,196.41 1 0
github.com/lennylabs/lenny/pkg/gateway/sessionserver/interactions.go:197.92,198.41 1 0
github.com/lennylabs/lenny/pkg/gateway/sessionserver/interactions.go:199.10,200.19 1 0
github.com/lennylabs/lenny/pkg/gateway/sessionserver/interrupt.go:45.74,49.16 4 0
github.com/lennylabs/lenny/pkg/gateway/sessionserver/interrupt.go:49.16,50.47 1 0
github.com/lennylabs/lenny/pkg/gateway/sessionserver/interrupt.go:50.47,53.4 2 0
github.com/lennylabs/lenny/pkg/gateway/sessionserver/interrupt.go:54.3,55.9 2 0
github.com/lennylabs/lenny/pkg/gateway/sessionserver/interrupt.go:57.2,60.17 1 0
github.com/lennylabs/lenny/pkg/gateway/sessionserver/interrupt.go:60.17,63.3 2 0
github.com/lennylabs/lenny/pkg/gateway/sessionserver/interrupt.go:68.2,69.62 2 0
github.com/lennylabs/lenny/pkg/gateway/sessionserver/interrupt.go:69.62,77.3 2 0
github.com/lennylabs/lenny/pkg/gateway/sessionserver/interrupt.go:85.2,87.98 3 0
github.com/lennylabs/lenny/pkg/gateway/sessionserver/interrupt.go:87.98,92.3 4 0
github.com/lennylabs/lenny/pkg/gateway/sessionserver/interrupt.go:93.2,93.16 1 0
github.com/lennylabs/lenny/pkg/gateway/sessionserver/interrupt.go:93.16,96.3 2 0
github.com/lennylabs/lenny/pkg/gateway/sessionserver/interrupt.go:99.2,100.14 2 0
github.com/lennylabs/lenny/pkg/gateway/sessionserver/interrupt.go:100.14,107.3 2 0
github.com/lennylabs/lenny/pkg/gateway/sessionserver/interrupt.go:108.2,108.43 1 0
github.com/lennylabs/lenny/pkg/gateway/sessionserver/interrupt.go:121.149,122.26 1 0
github.com/lennylabs/lenny/pkg/gateway/sessionserver/interrupt.go:122.26,124.3 1 0
github.com/lennylabs/lenny/pkg/gateway/sessionserver/interrupt.go:125.2,126.47 2 0
github.com/lennylabs/lenny/pkg/gateway/sessionserver/interrupt.go:126.47,128.3 1 0
github.com/lennylabs/lenny/pkg/gateway/sessionserver/interrupt.go:129.2,135.16 4 0
github.com/lennylabs/lenny/pkg/gateway/sessionserver/interrupt.go:135.16,145.3 2 0
github.com/lennylabs/lenny/pkg/gateway/sessionserver/interrupt.go:146.2,146.61 1 0
github.com/lennylabs/lenny/pkg/gateway/sessionserver/interrupt.go:153.42,154.14 1 0
github.com/lennylabs/lenny/pkg/gateway/sessionserver/interrupt.go:154.14,156.3 1 0
github.com/lennylabs/lenny/pkg/gateway/sessionserver/interrupt.go:157.2,157.32 1 0
github.com/lennylabs/lenny/pkg/gateway/sessionserver/interrupt.go:168.52,170.2 1 0
github.com/lennylabs/lenny/pkg/gateway/sessionserver/interrupt.go:180.97,194.2 4 0
github.com/lennylabs/lenny/pkg/gateway/sessionserver/lifecycle.go:209.78,210.12 1 0
github.com/lennylabs/lenny/pkg/gateway/sessionserver/lifecycle.go:211.30,212.37 1 0
github.com/lennylabs/lenny/pkg/gateway/sessionserver/lifecycle.go:213.27,214.34 1 0
github.com/lennylabs/lenny/pkg/gateway/sessionserver/lifecycle.go:215.30,216.37 1 0
github.com/lennylabs/lenny/pkg/gateway/sessionserver/lifecycle.go:217.28,218.35 1 0
github.com/lennylabs/lenny/pkg/gateway/sessionserver/lifecycle.go:219.10,220.19 1 0
github.com/lennylabs/lenny/pkg/gateway/sessionserver/lifecycle.go:233.81,235.2 1 4
github.com/lennylabs/lenny/pkg/gateway/sessionserver/lifecycle.go:246.86,255.2 1 0
github.com/lennylabs/lenny/pkg/gateway/sessionserver/lifecycle.go:271.88,272.37 1 0
github.com/lennylabs/lenny/pkg/gateway/sessionserver/lifecycle.go:272.37,278.3 1 0
github.com/lennylabs/lenny/pkg/gateway/sessionserver/lifecycle.go:279.2,281.29 3 0
github.com/lennylabs/lenny/pkg/gateway/sessionserver/lifecycle.go:281.29,282.58 1 0
github.com/lennylabs/lenny/pkg/gateway/sessionserver/lifecycle.go:282.58,293.4 1 0
github.com/lennylabs/lenny/pkg/gateway/sessionserver/lifecycle.go:295.2,307.38 4 0
github.com/lennylabs/lenny/pkg/gateway/sessionserver/lifecycle.go:321.74,322.36 1 0
github.com/lennylabs/lenny/pkg/gateway/sessionserver/lifecycle.go:322.36,324.3 1 0
github.com/lennylabs/lenny/pkg/gateway/sessionserver/lifecycle.go:325.2,327.18 3 0
github.com/lennylabs/lenny/pkg/gateway/sessionserver/lifecycle.go:327.18,329.3 1 0
github.com/lennylabs/lenny/pkg/gateway/sessionserver/lifecycle.go:330.2,331.47 1 0
github.com/lennylabs/lenny/pkg/gateway/sessionserver/lifecycle.go:349.98,350.53 1 0
github.com/lennylabs/lenny/pkg/gateway/sessionserver/lifecycle.go:350.53,357.3 1 0
github.com/lennylabs/lenny/pkg/gateway/sessionserver/lifecycle.go:358.2,359.25 2 0
github.com/lennylabs/lenny/pkg/gateway/sessionserver/lifecycle.go:359.25,373.3 3 0
github.com/lennylabs/lenny/pkg/gateway/sessionserver/lifecycle.go:374.2,374.29 1 0
github.com/lennylabs/lenny/pkg/gateway/sessionserver/lifecycle.go:374.29,384.3 1 0
github.com/lennylabs/lenny/pkg/gateway/sessionserver/lifecycle.go:398.145,403.29 2 0
github.com/lennylabs/lenny/pkg/gateway/sessionserver/lifecycle.go:403.29,405.3 1 0
github.com/lennylabs/lenny/pkg/gateway/sessionserver/lifecycle.go:406.2,413.16 2 0
github.com/lennylabs/lenny/pkg/gateway/sessionserver/lifecycle.go:413.16,417.3 1 0
github.com/lennylabs/lenny/pkg/gateway/sessionserver/lifecycle.go:418.2,427.4 1 0
github.com/lennylabs/lenny/pkg/gateway/sessionserver/lifecycle.go:440.98,441.29 1 0
github.com/lennylabs/lenny/pkg/gateway/sessionserver/lifecycle.go:441.29,443.3 1 0
github.com/lennylabs/lenny/pkg/gateway/sessionserver/lifecycle.go:444.2,452.4 1 0
github.com/lennylabs/lenny/pkg/gateway/sessionserver/lifecycle.go:468.90,470.45 2 0
github.com/lennylabs/lenny/pkg/gateway/sessionserver/lifecycle.go:470.45,474.3 1 0
github.com/lennylabs/lenny/pkg/gateway/sessionserver/lifecycle.go:475.2,475.91 1 0
github.com/lennylabs/lenny/pkg/gateway/sessionserver/lifecycle.go:475.91,476.45 1 0
github.com/lennylabs/lenny/pkg/gateway/sessionserver/lifecycle.go:476.45,479.4 1 0
github.com/lennylabs/lenny/pkg/gateway/sessionserver/lifecycle.go:480.3,481.13 2 0
github.com/lennylabs/lenny/pkg/gateway/sessionserver/lifecycle.go:494.100,496.72 2 0
github.com/lennylabs/lenny/pkg/gateway/sessionserver/lifecycle.go:496.72,498.3 1 0
github.com/lennylabs/lenny/pkg/gateway/sessionserver/lifecycle.go:499.2,499.27 1 0
github.com/lennylabs/lenny/pkg/gateway/sessionserver/lifecycle.go:509.99,511.40 2 0
github.com/lennylabs/lenny/pkg/gateway/sessionserver/lifecycle.go:511.40,512.57 1 0
github.com/lennylabs/lenny/pkg/gateway/sessionserver/lifecycle.go:512.57,514.4 1 0
github.com/lennylabs/lenny/pkg/gateway/sessionserver/lifecycle.go:516.2,516.66 1 0
github.com/lennylabs/lenny/pkg/gateway/sessionserver/lifecycle.go:516.66,517.100 1 0
github.com/lennylabs/lenny/pkg/gateway/sessionserver/lifecycle.go:517.100,520.46 3 0
github.com/lennylabs/lenny/pkg/gateway/sessionserver/lifecycle.go:520.46,522.5 1 0
github.com/lennylabs/lenny/pkg/gateway/sessionserver/lifecycle.go:525.2,525.13 1 0
github.com/lennylabs/lenny/pkg/gateway/sessionserver/logs.go:34.69,35.21 1 0
github.com/lennylabs/lenny/pkg/gateway/sessionserver/logs.go:35.21,39.3 2 0
github.com/lennylabs/lenny/pkg/gateway/sessionserver/logs.go:40.2,42.66 3 0
github.com/lennylabs/lenny/pkg/gateway/sessionserver/logs.go:42.66,43.47 1 0
github.com/lennylabs/lenny/pkg/gateway/sessionserver/logs.go:43.47,46.4 2 0
github.com/lennylabs/lenny/pkg/gateway/sessionserver/logs.go:47.3,48.9 2 0
github.com/lennylabs/lenny/pkg/gateway/sessionserver/logs.go:51.2,51.24 1 0
github.com/lennylabs/lenny/pkg/gateway/sessionserver/logs.go:51.24,54.3 2 0
github.com/lennylabs/lenny/pkg/gateway/sessionserver/logs.go:55.2,55.37 1 0
github.com/lennylabs/lenny/pkg/gateway/sessionserver/logs.go:63.93,66.17 2 0
github.com/lennylabs/lenny/pkg/gateway/sessionserver/logs.go:66.17,69.3 2 0
github.com/lennylabs/lenny/pkg/gateway/sessionserver/logs.go:71.2,72.46 2 0
github.com/lennylabs/lenny/pkg/gateway/sessionserver/logs.go:72.46,74.17 2 0
github.com/lennylabs/lenny/pkg/gateway/sessionserver/logs.go:74.17,79.4 2 0
github.com/lennylabs/lenny/pkg/gateway/sessionserver/logs.go:80.3,80.12 1 0
github.com/lennylabs/lenny/pkg/gateway/sessionserver/logs.go:83.2,84.34 2 0
github.com/lennylabs/lenny/pkg/gateway/sessionserver/logs.go:84.34,85.78 1 0
github.com/lennylabs/lenny/pkg/gateway/sessionserver/logs.go:85.78,87.4 1 0
github.com/lennylabs/lenny/pkg/gateway/sessionserver/logs.go:88.8,88.56 1 0
github.com/lennylabs/lenny/pkg/gateway/sessionserver/logs.go:88.56,89.57 1 0
github.com/lennylabs/lenny/pkg/gateway/sessionserver/logs.go:89.57,91.4 1 0
github.com/lennylabs/lenny/pkg/gateway/sessionserver/logs.go:97.2,98.16 2 0
github.com/lennylabs/lenny/pkg/gateway/sessionserver/logs.go:98.16,101.3 2 0
github.com/lennylabs/lenny/pkg/gateway/sessionserver/logs.go:102.2,106.26 4 0
github.com/lennylabs/lenny/pkg/gateway/sessionserver/logs.go:106.26,107.52 1 0
github.com/lennylabs/lenny/pkg/gateway/sessionserver/logs.go:107.52,108.12 1 0
github.com/lennylabs/lenny/pkg/gateway/sessionserver/logs.go:110.3,110.42 1 0
github.com/lennylabs/lenny/pkg/gateway/sessionserver/logs.go:110.42,114.9 2 0
github.com/lennylabs/lenny/pkg/gateway/sessionserver/logs.go:116.3,122.5 1 0
github.com/lennylabs/lenny/pkg/gateway/sessionserver/logs.go:124.2,124.49 1 0
github.com/lennylabs/lenny/pkg/gateway/sessionserver/logs.go:124.49,128.3 3 0
github.com/lennylabs/lenny/pkg/gateway/sessionserver/logs.go:130.2,131.41 2 0
github.com/lennylabs/lenny/pkg/gateway/sessionserver/logs.go:142.93,144.9 2 0
github.com/lennylabs/lenny/pkg/gateway/sessionserver/logs.go:144.9,148.3 2 0
github.com/lennylabs/lenny/pkg/gateway/sessionserver/logs.go:150.2,152.16 3 0
github.com/lennylabs/lenny/pkg/gateway/sessionserver/logs.go:152.16,155.3 2 0
github.com/lennylabs/lenny/pkg/gateway/sessionserver/logs.go:156.2,163.18 6 0
github.com/lennylabs/lenny/pkg/gateway/sessionserver/logs.go:163.18,164.84 1 0
github.com/lennylabs/lenny/pkg/gateway/sessionserver/logs.go:164.84,166.4 1 0
github.com/lennylabs/lenny/pkg/gateway/sessionserver/logs.go:168.2,168.33 1 0
github.com/lennylabs/lenny/pkg/gateway/sessionserver/logs.go:168.33,170.3 1 0
github.com/lennylabs/lenny/pkg/gateway/sessionserver/logs.go:171.2,174.6 3 0
github.com/lennylabs/lenny/pkg/gateway/sessionserver/logs.go:174.6,175.10 1 0
github.com/lennylabs/lenny/pkg/gateway/sessionserver/logs.go:176.21,177.10 1 0
github.com/lennylabs/lenny/pkg/gateway/sessionserver/logs.go:178.35,179.13 1 0
github.com/lennylabs/lenny/pkg/gateway/sessionserver/logs.go:179.13,181.5 1 0
github.com/lennylabs/lenny/pkg/gateway/sessionserver/logs.go:182.4,183.19 2 0
github.com/lennylabs/lenny/pkg/gateway/sessionserver/memory.go:53.76,54.21 1 0
github.com/lennylabs/lenny/pkg/gateway/sessionserver/memory.go:54.21,58.3 2 0
github.com/lennylabs/lenny/pkg/gateway/sessionserver/memory.go:59.2,62.9 4 0
github.com/lennylabs/lenny/pkg/gateway/sessionserver/memory.go:62.9,64.3 1 0
github.com/lennylabs/lenny/pkg/gateway/sessionserver/memory.go:66.2,69.59 4 0
github.com/lennylabs/lenny/pkg/gateway/sessionserver/memory.go:69.59,72.3 2 0
github.com/lennylabs/lenny/pkg/gateway/sessionserver/memory.go:73.2,73.28 1 0
github.com/lennylabs/lenny/pkg/gateway/sessionserver/memory.go:73.28,78.3 2 0
github.com/lennylabs/lenny/pkg/gateway/sessionserver/memory.go:79.2,79.33 1 0
github.com/lennylabs/lenny/pkg/gateway/sessionserver/memory.go:79.33,80.22 1 0
github.com/lennylabs/lenny/pkg/gateway/sessionserver/memory.go:80.22,85.4 2 0
github.com/lennylabs/lenny/pkg/gateway/sessionserver/memory.go:88.2,93.24 2 0
github.com/lennylabs/lenny/pkg/gateway/sessionserver/memory.go:93.24,97.3 2 0
github.com/lennylabs/lenny/pkg/gateway/sessionserver/memory.go:98.2,99.33 2 0
github.com/lennylabs/lenny/pkg/gateway/sessionserver/memory.go:99.33,106.3 1 0
github.com/lennylabs/lenny/pkg/gateway/sessionserver/memory.go:107.2,107.68 1 0
github.com/lennylabs/lenny/pkg/gateway/sessionserver/memory.go:107.68,110.3 2 0
github.com/lennylabs/lenny/pkg/gateway/sessionserver/memory.go:115.2,116.16 2 0
github.com/lennylabs/lenny/pkg/gateway/sessionserver/memory.go:116.16,119.3 2 0
github.com/lennylabs/lenny/pkg/gateway/sessionserver/memory.go:120.2,122.89 3 0
github.com/lennylabs/lenny/pkg/gateway/sessionserver/memory.go:129.76,130.21 1 0
github.com/lennylabs/lenny/pkg/gateway/sessionserver/memory.go:130.21,134.3 2 0
github.com/lennylabs/lenny/pkg/gateway/sessionserver/memory.go:135.2,138.9 4 0
github.com/lennylabs/lenny/pkg/gateway/sessionserver/memory.go:138.9,140.3 1 0
github.com/lennylabs/lenny/pkg/gateway/sessionserver/memory.go:141.2,146.24 2 0
github.com/lennylabs/lenny/pkg/gateway/sessionserver/memory.go:146.24,150.3 2 0
github.com/lennylabs/lenny/pkg/gateway/sessionserver/memory.go:151.2,153.50 3 0
github.com/lennylabs/lenny/pkg/gateway/sessionserver/memory.go:153.50,155.26 2 0
github.com/lennylabs/lenny/pkg/gateway/sessionserver/memory.go:155.26,160.4 2 0
github.com/lennylabs/lenny/pkg/gateway/sessionserver/memory.go:161.3,161.12 1 0
github.com/lennylabs/lenny/pkg/gateway/sessionserver/memory.go:163.2,164.16 2 0
github.com/lennylabs/lenny/pkg/gateway/sessionserver/memory.go:164.16,167.3 2 0
github.com/lennylabs/lenny/pkg/gateway/sessionserver/memory.go:168.2,169.90 2 0
github.com/lennylabs/lenny/pkg/gateway/sessionserver/memory.go:173.77,174.21 1 0
github.com/lennylabs/lenny/pkg/gateway/sessionserver/memory.go:174.21,178.3 2 0
github.com/lennylabs/lenny/pkg/gateway/sessionserver/memory.go:179.2,182.20 4 0
github.com/lennylabs/lenny/pkg/gateway/sessionserver/memory.go:182.20,185.3 2 0
github.com/lennylabs/lenny/pkg/gateway/sessionserver/memory.go:186.2,187.9 2 0
github.com/lennylabs/lenny/pkg/gateway/sessionserver/memory.go:187.9,189.3 1 0
github.com/lennylabs/lenny/pkg/gateway/sessionserver/memory.go:190.2,195.24 2 0
github.com/lennylabs/lenny/pkg/gateway/sessionserver/memory.go:195.24,199.3 2 0
github.com/lennylabs/lenny/pkg/gateway/sessionserver/memory.go:200.2,200.80 1 0
github.com/lennylabs/lenny/pkg/gateway/sessionserver/memory.go:200.80,203.3 2 0
github.com/lennylabs/lenny/pkg/gateway/sessionserver/memory.go:204.2,204.37 1 0
github.com/lennylabs/lenny/pkg/gateway/sessionserver/memory.go:211.129,213.16 2 0
github.com/lennylabs/lenny/pkg/gateway/sessionserver/memory.go:213.16,214.47 1 0
github.com/lennylabs/lenny/pkg/gateway/sessionserver/memory.go:214.47,217.4 2 0
github.com/lennylabs/lenny/pkg/gateway/sessionserver/memory.go:218.3,219.39 2 0
github.com/lennylabs/lenny/pkg/gateway/sessionserver/memory.go:221.2,221.19 1 0
github.com/lennylabs/lenny/pkg/gateway/sessionserver/memory.go:226.66,228.23 2 0
github.com/lennylabs/lenny/pkg/gateway/sessionserver/memory.go:228.23,239.3 1 0
github.com/lennylabs/lenny/pkg/gateway/sessionserver/memory.go:240.2,240.12 1 0
github.com/lennylabs/lenny/pkg/gateway/sessionserver/messages.go:53.49,54.57 1 2
github.com/lennylabs/lenny/pkg/gateway/sessionserver/messages.go:54.57,56.3 1 1
github.com/lennylabs/lenny/pkg/gateway/sessionserver/messages.go:57.2,57.45 1 1
github.com/lennylabs/lenny/pkg/gateway/sessionserver/messages.go:77.75,84.66 3 8
github.com/lennylabs/lenny/pkg/gateway/sessionserver/messages.go:84.66,85.47 1 1
github.com/lennylabs/lenny/pkg/gateway/sessionserver/messages.go:85.47,88.4 2 1
github.com/lennylabs/lenny/pkg/gateway/sessionserver/messages.go:89.3,90.9 2 0
github.com/lennylabs/lenny/pkg/gateway/sessionserver/messages.go:92.2,92.26 1 7
github.com/lennylabs/lenny/pkg/gateway/sessionserver/messages.go:92.26,96.3 2 0
github.com/lennylabs/lenny/pkg/gateway/sessionserver/messages.go:98.2,100.17 2 7
github.com/lennylabs/lenny/pkg/gateway/sessionserver/messages.go:100.17,103.3 2 1
github.com/lennylabs/lenny/pkg/gateway/sessionserver/messages.go:104.2,105.34 2 6
github.com/lennylabs/lenny/pkg/gateway/sessionserver/messages.go:105.34,106.78 1 1
github.com/lennylabs/lenny/pkg/gateway/sessionserver/messages.go:106.78,108.4 1 1
github.com/lennylabs/lenny/pkg/gateway/sessionserver/messages.go:109.8,109.56 1 5
github.com/lennylabs/lenny/pkg/gateway/sessionserver/messages.go:109.56,110.57 1 0
github.com/lennylabs/lenny/pkg/gateway/sessionserver/messages.go:110.57,112.4 1 0
github.com/lennylabs/lenny/pkg/gateway/sessionserver/messages.go:117.2,118.64 2 6
github.com/lennylabs/lenny/pkg/gateway/sessionserver/messages.go:118.64,121.3 2 0
github.com/lennylabs/lenny/pkg/gateway/sessionserver/messages.go:122.2,122.20 1 6
github.com/lennylabs/lenny/pkg/gateway/sessionserver/messages.go:122.20,124.3 1 1
github.com/lennylabs/lenny/pkg/gateway/sessionserver/messages.go:125.2,126.33 2 6
github.com/lennylabs/lenny/pkg/gateway/sessionserver/messages.go:126.33,129.3 2 2
github.com/lennylabs/lenny/pkg/gateway/sessionserver/messages.go:130.2,134.33 2 6
github.com/lennylabs/lenny/pkg/gateway/sessionserver/messages.go:134.33,138.3 3 2
github.com/lennylabs/lenny/pkg/gateway/sessionserver/messages.go:139.2,140.41 2 6
github.com/lennylabs/lenny/pkg/gateway/sessionserver/messages.go:263.73,264.23 1 303
github.com/lennylabs/lenny/pkg/gateway/sessionserver/messages.go:264.23,268.3 2 1
github.com/lennylabs/lenny/pkg/gateway/sessionserver/messages.go:274.2,280.9 6 302
github.com/lennylabs/lenny/pkg/gateway/sessionserver/messages.go:280.9,282.3 1 12
github.com/lennylabs/lenny/pkg/gateway/sessionserver/messages.go:284.2,285.9 2 290
github.com/lennylabs/lenny/pkg/gateway/sessionserver/messages.go:285.9,287.3 1 3
github.com/lennylabs/lenny/pkg/gateway/sessionserver/messages.go:289.2,290.9 2 287
github.com/lennylabs/lenny/pkg/gateway/sessionserver/messages.go:290.9,292.3 1 2
github.com/lennylabs/lenny/pkg/gateway/sessionserver/messages.go:294.2,294.41 1 285
github.com/lennylabs/lenny/pkg/gateway/sessionserver/messages.go:303.122,306.16 3 302
github.com/lennylabs/lenny/pkg/gateway/sessionserver/messages.go:306.16,307.47 1 2
github.com/lennylabs/lenny/pkg/gateway/sessionserver/messages.go:307.47,310.4 2 2
github.com/lennylabs/lenny/pkg/gateway/sessionserver/messages.go:311.3,312.39 2 0
github.com/lennylabs/lenny/pkg/gateway/sessionserver/messages.go:317.2,317.50 1 300
github.com/lennylabs/lenny/pkg/gateway/sessionserver/messages.go:317.50,319.3 1 1
github.com/lennylabs/lenny/pkg/gateway/sessionserver/messages.go:320.2,323.17 1 299
github.com/lennylabs/lenny/pkg/gateway/sessionserver/messages.go:323.17,326.3 2 1
github.com/lennylabs/lenny/pkg/gateway/sessionserver/messages.go:334.2,334.34 1 298
github.com/lennylabs/lenny/pkg/gateway/sessionserver/messages.go:334.34,339.3 2 4
github.com/lennylabs/lenny/pkg/gateway/sessionserver/messages.go:341.2,341.45 1 294
github.com/lennylabs/lenny/pkg/gateway/sessionserver/messages.go:341.45,343.3 1 4
github.com/lennylabs/lenny/pkg/gateway/sessionserver/messages.go:344.2,344.18 1 290
github.com/lennylabs/lenny/pkg/gateway/sessionserver/messages.go:355.115,372.47 1 294
github.com/lennylabs/lenny/pkg/gateway/sessionserver/messages.go:372.47,374.3 1 287
github.com/lennylabs/lenny/pkg/gateway/sessionserver/messages.go:381.2,382.9 2 7
github.com/lennylabs/lenny/pkg/gateway/sessionserver/messages.go:383.18,384.31 1 4
github.com/lennylabs/lenny/pkg/gateway/sessionserver/messages.go:384.31,388.4 2 2
github.com/lennylabs/lenny/pkg/gateway/sessionserver/messages.go:389.3,389.14 1 2
github.com/lennylabs/lenny/pkg/gateway/sessionserver/messages.go:390.48,394.14 1 1
github.com/lennylabs/lenny/pkg/gateway/sessionserver/messages.go:395.10,409.42 3 2
github.com/lennylabs/lenny/pkg/gateway/sessionserver/messages.go:409.42,411.4 1 2
github.com/lennylabs/lenny/pkg/gateway/sessionserver/messages.go:412.3,415.15 3 2
github.com/lennylabs/lenny/pkg/gateway/sessionserver/messages.go:426.152,430.59 4 290
github.com/lennylabs/lenny/pkg/gateway/sessionserver/messages.go:430.59,433.3 2 1
github.com/lennylabs/lenny/pkg/gateway/sessionserver/messages.go:434.2,434.28 1 289
github.com/lennylabs/lenny/pkg/gateway/sessionserver/messages.go:434.28,439.3 2 1
github.com/lennylabs/lenny/pkg/gateway/sessionserver/messages.go:445.2,445.33 1 288
github.com/lennylabs/lenny/pkg/gateway/sessionserver/messages.go:445.33,446.35 1 288
github.com/lennylabs/lenny/pkg/gateway/sessionserver/messages.go:446.35,451.4 2 1
github.com/lennylabs/lenny/pkg/gateway/sessionserver/messages.go:459.2,460.33 2 287
github.com/lennylabs/lenny/pkg/gateway/sessionserver/messages.go:460.33,461.47 1 287
github.com/lennylabs/lenny/pkg/gateway/sessionserver/messages.go:461.47,462.86 1 2
github.com/lennylabs/lenny/pkg/gateway/sessionserver/messages.go:462.86,463.13 1 1
github.com/lennylabs/lenny/pkg/gateway/sessionserver/messages.go:469.3,469.37 1 286
github.com/lennylabs/lenny/pkg/gateway/sessionserver/messages.go:472.2,473.31 2 287
github.com/lennylabs/lenny/pkg/gateway/sessionserver/messages.go:473.31,476.17 3 286
github.com/lennylabs/lenny/pkg/gateway/sessionserver/messages.go:476.17,478.4 1 10
github.com/lennylabs/lenny/pkg/gateway/sessionserver/messages.go:479.3,487.5 1 286
github.com/lennylabs/lenny/pkg/gateway/sessionserver/messages.go:489.2,489.36 1 287
github.com/lennylabs/lenny/pkg/gateway/sessionserver/messages.go:510.225,530.20 2 287
github.com/lennylabs/lenny/pkg/gateway/sessionserver/messages.go:530.20,532.3 1 1
github.com/lennylabs/lenny/pkg/gateway/sessionserver/messages.go:534.2,537.31 3 286
github.com/lennylabs/lenny/pkg/gateway/sessionserver/messages.go:537.31,538.46 1 286
github.com/lennylabs/lenny/pkg/gateway/sessionserver/messages.go:538.46,540.9 2 5
github.com/lennylabs/lenny/pkg/gateway/sessionserver/messages.go:543.2,544.25 2 286
github.com/lennylabs/lenny/pkg/gateway/sessionserver/messages.go:545.36,547.17 2 281
github.com/lennylabs/lenny/pkg/gateway/sessionserver/messages.go:547.17,557.4 3 2
github.com/lennylabs/lenny/pkg/gateway/sessionserver/messages.go:558.3,559.10 2 279
github.com/lennylabs/lenny/pkg/gateway/sessionserver/messages.go:559.10,561.4 1 0
github.com/lennylabs/lenny/pkg/gateway/sessionserver/messages.go:562.3,563.51 2 279
github.com/lennylabs/lenny/pkg/gateway/sessionserver/messages.go:565.45,574.72 1 4
github.com/lennylabs/lenny/pkg/gateway/sessionserver/messages.go:574.72,593.19 3 2
github.com/lennylabs/lenny/pkg/gateway/sessionserver/messages.go:593.19,596.10 3 0
github.com/lennylabs/lenny/pkg/gateway/sessionserver/messages.go:598.4,600.15 3 2
github.com/lennylabs/lenny/pkg/gateway/sessionserver/messages.go:600.15,603.5 2 0
github.com/lennylabs/lenny/pkg/gateway/sessionserver/messages.go:604.4,604.9 1 2
github.com/lennylabs/lenny/pkg/gateway/sessionserver/messages.go:610.3,611.17 2 2
github.com/lennylabs/lenny/pkg/gateway/sessionserver/messages.go:611.17,614.19 3 1
github.com/lennylabs/lenny/pkg/gateway/sessionserver/messages.go:614.19,617.10 3 0
github.com/lennylabs/lenny/pkg/gateway/sessionserver/messages.go:619.4,621.15 3 1
github.com/lennylabs/lenny/pkg/gateway/sessionserver/messages.go:621.15,624.5 2 0
github.com/lennylabs/lenny/pkg/gateway/sessionserver/messages.go:625.4,625.9 1 1
github.com/lennylabs/lenny/pkg/gateway/sessionserver/messages.go:627.3,628.10 2 1
github.com/lennylabs/lenny/pkg/gateway/sessionserver/messages.go:628.10,630.4 1 0
github.com/lennylabs/lenny/pkg/gateway/sessionserver/messages.go:631.3,632.51 2 1
github.com/lennylabs/lenny/pkg/gateway/sessionserver/messages.go:634.40,636.18 2 1
github.com/lennylabs/lenny/pkg/gateway/sessionserver/messages.go:636.18,648.9 3 0
github.com/lennylabs/lenny/pkg/gateway/sessionserver/messages.go:650.3,652.14 3 1
github.com/lennylabs/lenny/pkg/gateway/sessionserver/messages.go:652.14,655.4 2 0
github.com/lennylabs/lenny/pkg/gateway/sessionserver/messages.go:657.38,659.18 2 0
github.com/lennylabs/lenny/pkg/gateway/sessionserver/messages.go:659.18,666.9 3 0
github.com/lennylabs/lenny/pkg/gateway/sessionserver/messages.go:668.3,669.14 2 0
github.com/lennylabs/lenny/pkg/gateway/sessionserver/messages.go:669.14,672.4 2 0
github.com/lennylabs/lenny/pkg/gateway/sessionserver/messages.go:674.43,679.34 2 0
github.com/lennylabs/lenny/pkg/gateway/sessionserver/messages.go:681.43,688.34 2 0
github.com/lennylabs/lenny/pkg/gateway/sessionserver/messages.go:690.2,690.22 1 284
github.com/lennylabs/lenny/pkg/gateway/sessionserver/messages.go:704.202,719.43 3 280
github.com/lennylabs/lenny/pkg/gateway/sessionserver/messages.go:719.43,721.15 2 0
github.com/lennylabs/lenny/pkg/gateway/sessionserver/messages.go:721.15,723.4 1 0
github.com/lennylabs/lenny/pkg/gateway/sessionserver/messages.go:724.3,724.17 1 0
github.com/lennylabs/lenny/pkg/gateway/sessionserver/messages.go:730.2,730.26 1 280
github.com/lennylabs/lenny/pkg/gateway/sessionserver/messages.go:730.26,733.26 3 280
github.com/lennylabs/lenny/pkg/gateway/sessionserver/messages.go:733.26,737.4 1 280
github.com/lennylabs/lenny/pkg/gateway/sessionserver/messages.go:738.3,738.25 1 280
github.com/lennylabs/lenny/pkg/gateway/sessionserver/messages.go:738.25,739.24 1 279
github.com/lennylabs/lenny/pkg/gateway/sessionserver/messages.go:739.24,743.5 1 279
github.com/lennylabs/lenny/pkg/gateway/sessionserver/messages.go:745.3,745.70 1 280
github.com/lennylabs/lenny/pkg/gateway/sessionserver/messages.go:750.2,750.25 1 280
github.com/lennylabs/lenny/pkg/gateway/sessionserver/messages.go:750.25,754.3 1 280
github.com/lennylabs/lenny/pkg/gateway/sessionserver/messages.go:755.2,755.24 1 280
github.com/lennylabs/lenny/pkg/gateway/sessionserver/messages.go:755.24,764.3 2 279
github.com/lennylabs/lenny/pkg/gateway/sessionserver/messages.go:770.2,770.30 1 280
github.com/lennylabs/lenny/pkg/gateway/sessionserver/messages.go:770.30,772.3 1 0
github.com/lennylabs/lenny/pkg/gateway/sessionserver/messages.go:773.2,773.18 1 280
github.com/lennylabs/lenny/pkg/gateway/sessionserver/messages.go:782.107,793.27 2 285
github.com/lennylabs/lenny/pkg/gateway/sessionserver/messages.go:793.27,795.3 1 285
github.com/lennylabs/lenny/pkg/gateway/sessionserver/messages.go:796.2,796.21 1 285
github.com/lennylabs/lenny/pkg/gateway/sessionserver/messages.go:796.21,798.3 1 285
github.com/lennylabs/lenny/pkg/gateway/sessionserver/messages.go:799.2,804.55 2 285
github.com/lennylabs/lenny/pkg/gateway/sessionserver/messages.go:804.55,806.3 1 281
github.com/lennylabs/lenny/pkg/gateway/sessionserver/messages.go:807.2,807.52 1 285
github.com/lennylabs/lenny/pkg/gateway/sessionserver/messages.go:807.52,809.3 1 4
github.com/lennylabs/lenny/pkg/gateway/sessionserver/messages.go:810.2,815.4 3 285
github.com/lennylabs/lenny/pkg/gateway/sessionserver/messages.go:837.198,838.24 1 4
github.com/lennylabs/lenny/pkg/gateway/sessionserver/messages.go:838.24,841.18 3 4
github.com/lennylabs/lenny/pkg/gateway/sessionserver/messages.go:841.18,843.4 1 0
github.com/lennylabs/lenny/pkg/gateway/sessionserver/messages.go:844.3,845.15 2 4
github.com/lennylabs/lenny/pkg/gateway/sessionserver/messages.go:845.15,847.4 1 4
github.com/lennylabs/lenny/pkg/gateway/sessionserver/messages.go:848.3,854.17 3 4
github.com/lennylabs/lenny/pkg/gateway/sessionserver/messages.go:855.26,856.75 1 4
github.com/lennylabs/lenny/pkg/gateway/sessionserver/messages.go:857.24,858.78 1 0
github.com/lennylabs/lenny/pkg/gateway/sessionserver/messages.go:860.3,860.17 1 4
github.com/lennylabs/lenny/pkg/gateway/sessionserver/messages.go:860.17,862.4 1 0
github.com/lennylabs/lenny/pkg/gateway/sessionserver/messages.go:863.3,863.21 1 4
github.com/lennylabs/lenny/pkg/gateway/sessionserver/messages.go:863.21,865.4 1 0
github.com/lennylabs/lenny/pkg/gateway/sessionserver/messages.go:867.2,867.33 1 4
github.com/lennylabs/lenny/pkg/gateway/sessionserver/messages.go:867.33,869.3 1 4
github.com/lennylabs/lenny/pkg/gateway/sessionserver/messages.go:870.2,870.28 1 4
github.com/lennylabs/lenny/pkg/gateway/sessionserver/messages.go:876.37,877.11 1 288
github.com/lennylabs/lenny/pkg/gateway/sessionserver/messages.go:878.33,879.14 1 287
github.com/lennylabs/lenny/pkg/gateway/sessionserver/messages.go:881.2,881.14 1 1
github.com/lennylabs/lenny/pkg/gateway/sessionserver/messages.go:888.46,889.11 1 298
github.com/lennylabs/lenny/pkg/gateway/sessionserver/messages.go:890.96,891.14 1 4
github.com/lennylabs/lenny/pkg/gateway/sessionserver/messages.go:893.2,893.14 1 294
github.com/lennylabs/lenny/pkg/gateway/sessionserver/messages_list.go:77.77,84.16 4 9
github.com/lennylabs/lenny/pkg/gateway/sessionserver/messages_list.go:84.16,85.47 1 2
github.com/lennylabs/lenny/pkg/gateway/sessionserver/messages_list.go:85.47,88.4 2 2
github.com/lennylabs/lenny/pkg/gateway/sessionserver/messages_list.go:89.3,90.9 2 0
github.com/lennylabs/lenny/pkg/gateway/sessionserver/messages_list.go:94.2,94.29 1 7
github.com/lennylabs/lenny/pkg/gateway/sessionserver/messages_list.go:94.29,97.3 2 1
github.com/lennylabs/lenny/pkg/gateway/sessionserver/messages_list.go:98.2,98.26 1 6
github.com/lennylabs/lenny/pkg/gateway/sessionserver/messages_list.go:98.26,102.3 2 1
github.com/lennylabs/lenny/pkg/gateway/sessionserver/messages_list.go:104.2,106.17 2 5
github.com/lennylabs/lenny/pkg/gateway/sessionserver/messages_list.go:106.17,109.3 2 0
github.com/lennylabs/lenny/pkg/gateway/sessionserver/messages_list.go:115.2,116.34 2 5
github.com/lennylabs/lenny/pkg/gateway/sessionserver/messages_list.go:116.34,117.78 1 0
github.com/lennylabs/lenny/pkg/gateway/sessionserver/messages_list.go:117.78,119.4 1 0
github.com/lennylabs/lenny/pkg/gateway/sessionserver/messages_list.go:120.8,120.53 1 5
github.com/lennylabs/lenny/pkg/gateway/sessionserver/messages_list.go:120.53,122.18 2 2
github.com/lennylabs/lenny/pkg/gateway/sessionserver/messages_list.go:122.18,127.4 2 1
github.com/lennylabs/lenny/pkg/gateway/sessionserver/messages_list.go:128.3,128.15 1 1
github.com/lennylabs/lenny/pkg/gateway/sessionserver/messages_list.go:135.2,136.20 2 4
github.com/lennylabs/lenny/pkg/gateway/sessionserver/messages_list.go:136.20,140.3 3 1
github.com/lennylabs/lenny/pkg/gateway/sessionserver/messages_list.go:144.2,145.64 2 3
github.com/lennylabs/lenny/pkg/gateway/sessionserver/messages_list.go:145.64,148.3 2 0
github.com/lennylabs/lenny/pkg/gateway/sessionserver/messages_list.go:149.2,150.33 2 3
github.com/lennylabs/lenny/pkg/gateway/sessionserver/messages_list.go:150.33,153.3 2 1
github.com/lennylabs/lenny/pkg/gateway/sessionserver/messages_list.go:155.2,156.28 2 3
github.com/lennylabs/lenny/pkg/gateway/sessionserver/messages_list.go:156.28,158.3 1 7
github.com/lennylabs/lenny/pkg/gateway/sessionserver/messages_list.go:159.2,163.33 2 3
github.com/lennylabs/lenny/pkg/gateway/sessionserver/messages_list.go:163.33,167.3 3 1
github.com/lennylabs/lenny/pkg/gateway/sessionserver/messages_list.go:168.2,169.41 2 3
github.com/lennylabs/lenny/pkg/gateway/sessionserver/messages_list.go:176.75,186.27 2 7
github.com/lennylabs/lenny/pkg/gateway/sessionserver/messages_list.go:186.27,190.3 3 7
github.com/lennylabs/lenny/pkg/gateway/sessionserver/messages_list.go:191.2,191.13 1 7
github.com/lennylabs/lenny/pkg/gateway/sessionserver/messages_list.go:205.60,206.14 1 7
github.com/lennylabs/lenny/pkg/gateway/sessionserver/messages_list.go:207.19,208.61 1 1
github.com/lennylabs/lenny/pkg/gateway/sessionserver/messages_list.go:209.16,210.58 1 1
github.com/lennylabs/lenny/pkg/gateway/sessionserver/messages_list.go:211.10,212.59 1 5
github.com/lennylabs/lenny/pkg/gateway/sessionserver/messaging.go:32.87,33.16 1 0
github.com/lennylabs/lenny/pkg/gateway/sessionserver/messaging.go:33.16,35.3 1 0
github.com/lennylabs/lenny/pkg/gateway/sessionserver/messaging.go:36.2,36.16 1 0
github.com/lennylabs/lenny/pkg/gateway/sessionserver/messaging.go:36.16,38.3 1 0
github.com/lennylabs/lenny/pkg/gateway/sessionserver/messaging.go:39.2,39.40 1 0
github.com/lennylabs/lenny/pkg/gateway/sessionserver/messaging.go:44.108,46.2 1 0
github.com/lennylabs/lenny/pkg/gateway/sessionserver/messaging.go:50.104,52.2 1 0
github.com/lennylabs/lenny/pkg/gateway/sessionserver/messaging.go:54.82,56.16 2 0
github.com/lennylabs/lenny/pkg/gateway/sessionserver/messaging.go:56.16,58.3 1 0
github.com/lennylabs/lenny/pkg/gateway/sessionserver/messaging.go:59.2,59.79 1 0
github.com/lennylabs/lenny/pkg/gateway/sessionserver/messaging.go:73.91,74.24 1 0
github.com/lennylabs/lenny/pkg/gateway/sessionserver/messaging.go:74.24,76.3 1 0
github.com/lennylabs/lenny/pkg/gateway/sessionserver/messaging.go:77.2,77.84 1 0
github.com/lennylabs/lenny/pkg/gateway/sessionserver/messaging.go:77.84,79.3 1 0
github.com/lennylabs/lenny/pkg/gateway/sessionserver/messaging.go:93.85,94.24 1 0
github.com/lennylabs/lenny/pkg/gateway/sessionserver/messaging.go:94.24,96.3 1 0
github.com/lennylabs/lenny/pkg/gateway/sessionserver/messaging.go:97.2,97.88 1 0
github.com/lennylabs/lenny/pkg/gateway/sessionserver/messaging.go:97.88,99.3 1 0
github.com/lennylabs/lenny/pkg/gateway/sessionserver/messaging.go:112.94,113.24 1 0
github.com/lennylabs/lenny/pkg/gateway/sessionserver/messaging.go:113.24,115.3 1 0
github.com/lennylabs/lenny/pkg/gateway/sessionserver/messaging.go:116.2,116.100 1 0
github.com/lennylabs/lenny/pkg/gateway/sessionserver/messaging.go:116.100,118.3 1 0
github.com/lennylabs/lenny/pkg/gateway/sessionserver/metering.go:69.79,71.72 2 0
github.com/lennylabs/lenny/pkg/gateway/sessionserver/metering.go:71.72,75.3 2 0
github.com/lennylabs/lenny/pkg/gateway/sessionserver/metering.go:77.2,79.17 2 0
github.com/lennylabs/lenny/pkg/gateway/sessionserver/metering.go:79.17,82.3 2 0
github.com/lennylabs/lenny/pkg/gateway/sessionserver/metering.go:84.2,85.34 2 0
github.com/lennylabs/lenny/pkg/gateway/sessionserver/metering.go:85.34,86.78 1 0
github.com/lennylabs/lenny/pkg/gateway/sessionserver/metering.go:86.78,88.4 1 0
github.com/lennylabs/lenny/pkg/gateway/sessionserver/metering.go:89.8,89.62 1 0
github.com/lennylabs/lenny/pkg/gateway/sessionserver/metering.go:89.62,91.17 2 0
github.com/lennylabs/lenny/pkg/gateway/sessionserver/metering.go:91.17,96.4 2 0
github.com/lennylabs/lenny/pkg/gateway/sessionserver/metering.go:97.3,97.12 1 0
github.com/lennylabs/lenny/pkg/gateway/sessionserver/metering.go:104.2,107.22 3 0
github.com/lennylabs/lenny/pkg/gateway/sessionserver/metering.go:107.22,111.17 3 0
github.com/lennylabs/lenny/pkg/gateway/sessionserver/metering.go:111.17,114.4 2 0
github.com/lennylabs/lenny/pkg/gateway/sessionserver/metering.go:115.3,115.33 1 0
github.com/lennylabs/lenny/pkg/gateway/sessionserver/metering.go:115.33,118.4 2 0
github.com/lennylabs/lenny/pkg/gateway/sessionserver/metering.go:119.3,119.28 1 0
github.com/lennylabs/lenny/pkg/gateway/sessionserver/metering.go:119.28,121.4 1 0
github.com/lennylabs/lenny/pkg/gateway/sessionserver/metering.go:122.3,122.50 1 0
github.com/lennylabs/lenny/pkg/gateway/sessionserver/metering.go:122.50,126.4 3 0
github.com/lennylabs/lenny/pkg/gateway/sessionserver/metering.go:129.2,130.41 2 0
github.com/lennylabs/lenny/pkg/gateway/sessionserver/metering.go:134.58,154.2 1 0
github.com/lennylabs/lenny/pkg/gateway/sessionserver/metering.go:158.79,160.15 2 0
github.com/lennylabs/lenny/pkg/gateway/sessionserver/metering.go:160.15,162.3 1 0
github.com/lennylabs/lenny/pkg/gateway/sessionserver/metering.go:163.2,163.39 1 0
github.com/lennylabs/lenny/pkg/gateway/sessionserver/playground_caps.go:54.59,57.2 2 0
github.com/lennylabs/lenny/pkg/gateway/sessionserver/playground_caps.go:66.119,67.57 1 0
github.com/lennylabs/lenny/pkg/gateway/sessionserver/playground_caps.go:67.57,69.3 1 0
github.com/lennylabs/lenny/pkg/gateway/sessionserver/playground_caps.go:70.2,71.26 2 0
github.com/lennylabs/lenny/pkg/gateway/sessionserver/playground_caps.go:71.26,72.47 1 0
github.com/lennylabs/lenny/pkg/gateway/sessionserver/playground_caps.go:72.47,74.4 1 0
github.com/lennylabs/lenny/pkg/gateway/sessionserver/playground_caps.go:76.2,76.12 1 0
github.com/lennylabs/lenny/pkg/gateway/sessionserver/playground_caps.go:87.114,88.77 1 0
github.com/lennylabs/lenny/pkg/gateway/sessionserver/playground_caps.go:88.77,90.3 1 0
github.com/lennylabs/lenny/pkg/gateway/sessionserver/playground_caps.go:91.2,91.49 1 0
github.com/lennylabs/lenny/pkg/gateway/sessionserver/playground_caps.go:91.49,93.3 1 0
github.com/lennylabs/lenny/pkg/gateway/sessionserver/playground_caps.go:94.2,97.14 2 0
github.com/lennylabs/lenny/pkg/gateway/sessionserver/playground_caps.go:106.104,109.2 2 0
github.com/lennylabs/lenny/pkg/gateway/sessionserver/playground_caps.go:120.107,122.2 1 0
github.com/lennylabs/lenny/pkg/gateway/sessionserver/playground_caps.go:148.105,150.49 2 0
github.com/lennylabs/lenny/pkg/gateway/sessionserver/playground_caps.go:150.49,152.3 1 0
github.com/lennylabs/lenny/pkg/gateway/sessionserver/playground_caps.go:153.2,157.42 2 0
github.com/lennylabs/lenny/pkg/gateway/sessionserver/playground_caps.go:157.42,159.3 1 0
github.com/lennylabs/lenny/pkg/gateway/sessionserver/playground_caps.go:160.2,160.29 1 0
github.com/lennylabs/lenny/pkg/gateway/sessionserver/playground_caps.go:160.29,162.3 1 0
github.com/lennylabs/lenny/pkg/gateway/sessionserver/playground_caps.go:164.2,164.25 1 0
github.com/lennylabs/lenny/pkg/gateway/sessionserver/playground_caps.go:164.25,166.3 1 0
github.com/lennylabs/lenny/pkg/gateway/sessionserver/playground_caps.go:173.2,176.24 4 0
github.com/lennylabs/lenny/pkg/gateway/sessionserver/playground_caps.go:176.24,178.3 1 0
github.com/lennylabs/lenny/pkg/gateway/sessionserver/playground_caps.go:179.2,190.90 3 0
github.com/lennylabs/lenny/pkg/gateway/sessionserver/playground_caps.go:197.41,198.9 1 0
github.com/lennylabs/lenny/pkg/gateway/sessionserver/playground_caps.go:199.14,200.11 1 0
github.com/lennylabs/lenny/pkg/gateway/sessionserver/playground_caps.go:201.14,202.11 1 0
github.com/lennylabs/lenny/pkg/gateway/sessionserver/playground_caps.go:203.13,204.11 1 0
github.com/lennylabs/lenny/pkg/gateway/sessionserver/playground_caps.go:205.10,206.11 1 0
github.com/lennylabs/lenny/pkg/gateway/sessionserver/pool_drain_gate.go:31.153,32.69 1 0
github.com/lennylabs/lenny/pkg/gateway/sessionserver/pool_drain_gate.go:32.69,34.3 1 0
github.com/lennylabs/lenny/pkg/gateway/sessionserver/pool_drain_gate.go:35.2,36.27 2 0
github.com/lennylabs/lenny/pkg/gateway/sessionserver/pool_drain_gate.go:36.27,38.3 1 0
github.com/lennylabs/lenny/pkg/gateway/sessionserver/pool_drain_gate.go:39.2,40.38 2 0
github.com/lennylabs/lenny/pkg/gateway/sessionserver/pool_drain_gate.go:40.38,46.3 1 0
github.com/lennylabs/lenny/pkg/gateway/sessionserver/pool_drain_gate.go:47.2,48.20 2 0
github.com/lennylabs/lenny/pkg/gateway/sessionserver/pool_drain_gate.go:48.20,49.110 1 0
github.com/lennylabs/lenny/pkg/gateway/sessionserver/pool_drain_gate.go:49.110,51.4 1 0
github.com/lennylabs/lenny/pkg/gateway/sessionserver/pool_drain_gate.go:53.2,57.14 3 0
github.com/lennylabs/lenny/pkg/gateway/sessionserver/pool_selection.go:47.144,48.22 1 0
github.com/lennylabs/lenny/pkg/gateway/sessionserver/pool_selection.go:48.22,50.3 1 0
github.com/lennylabs/lenny/pkg/gateway/sessionserver/pool_selection.go:56.2,56.53 1 0
github.com/lennylabs/lenny/pkg/gateway/sessionserver/pool_selection.go:56.53,61.3 2 0
github.com/lennylabs/lenny/pkg/gateway/sessionserver/pool_selection.go:62.2,64.16 2 0
github.com/lennylabs/lenny/pkg/gateway/sessionserver/pool_selection.go:64.16,66.3 1 0
github.com/lennylabs/lenny/pkg/gateway/sessionserver/pool_selection.go:72.2,72.61 1 0
github.com/lennylabs/lenny/pkg/gateway/sessionserver/pool_selection.go:72.61,77.3 2 0
github.com/lennylabs/lenny/pkg/gateway/sessionserver/pool_selection.go:78.2,78.13 1 0
github.com/lennylabs/lenny/pkg/gateway/sessionserver/pool_selection.go:89.130,90.54 1 0
github.com/lennylabs/lenny/pkg/gateway/sessionserver/pool_selection.go:90.54,101.3 2 0
github.com/lennylabs/lenny/pkg/gateway/sessionserver/pool_selection.go:106.2,110.14 3 0
github.com/lennylabs/lenny/pkg/gateway/sessionserver/pool_selection.go:118.85,119.45 1 0
github.com/lennylabs/lenny/pkg/gateway/sessionserver/pool_selection.go:119.45,121.3 1 0
github.com/lennylabs/lenny/pkg/gateway/sessionserver/pool_selection.go:122.2,123.16 2 0
github.com/lennylabs/lenny/pkg/gateway/sessionserver/pool_selection.go:123.16,125.3 1 0
github.com/lennylabs/lenny/pkg/gateway/sessionserver/pool_selection.go:126.2,126.27 1 0
github.com/lennylabs/lenny/pkg/gateway/sessionserver/pool_selection.go:126.27,127.29 1 0
github.com/lennylabs/lenny/pkg/gateway/sessionserver/pool_selection.go:127.29,129.4 1 0
github.com/lennylabs/lenny/pkg/gateway/sessionserver/pool_selection.go:131.2,131.14 1 0
github.com/lennylabs/lenny/pkg/gateway/sessionserver/pools.go:53.74,55.17 2 0
github.com/lennylabs/lenny/pkg/gateway/sessionserver/pools.go:55.17,58.3 2 0
github.com/lennylabs/lenny/pkg/gateway/sessionserver/pools.go:59.2,61.20 3 0
github.com/lennylabs/lenny/pkg/gateway/sessionserver/pools.go:61.20,63.17 2 0
github.com/lennylabs/lenny/pkg/gateway/sessionserver/pools.go:63.17,66.4 2 0
github.com/lennylabs/lenny/pkg/gateway/sessionserver/pools.go:67.3,67.26 1 0
github.com/lennylabs/lenny/pkg/gateway/sessionserver/pools.go:67.26,68.30 1 0
github.com/lennylabs/lenny/pkg/gateway/sessionserver/pools.go:68.30,69.13 1 0
github.com/lennylabs/lenny/pkg/gateway/sessionserver/pools.go:71.4,71.44 1 0
github.com/lennylabs/lenny/pkg/gateway/sessionserver/pools.go:74.2,74.55 1 0
github.com/lennylabs/lenny/pkg/gateway/sessionserver/pools.go:74.55,75.40 1 0
github.com/lennylabs/lenny/pkg/gateway/sessionserver/pools.go:75.40,77.4 1 0
github.com/lennylabs/lenny/pkg/gateway/sessionserver/pools.go:78.3,78.29 1 0
github.com/lennylabs/lenny/pkg/gateway/sessionserver/pools.go:80.2,84.36 5 0
github.com/lennylabs/lenny/pkg/gateway/sessionserver/pools.go:95.71,97.23 2 0
github.com/lennylabs/lenny/pkg/gateway/sessionserver/pools.go:97.23,99.3 1 0
github.com/lennylabs/lenny/pkg/gateway/sessionserver/pools.go:100.2,101.16 2 0
github.com/lennylabs/lenny/pkg/gateway/sessionserver/pools.go:101.16,103.3 1 0
github.com/lennylabs/lenny/pkg/gateway/sessionserver/pools.go:104.2,106.26 3 0
github.com/lennylabs/lenny/pkg/gateway/sessionserver/pools.go:106.26,108.3 1 0
github.com/lennylabs/lenny/pkg/gateway/sessionserver/pools.go:109.2,109.14 1 0
github.com/lennylabs/lenny/pkg/gateway/sessionserver/pools.go:115.62,119.16 2 0
github.com/lennylabs/lenny/pkg/gateway/sessionserver/pools.go:119.16,121.3 1 0
github.com/lennylabs/lenny/pkg/gateway/sessionserver/pools.go:122.2,131.58 2 0
github.com/lennylabs/lenny/pkg/gateway/sessionserver/pools.go:131.58,133.3 1 0
github.com/lennylabs/lenny/pkg/gateway/sessionserver/pools.go:134.2,134.10 1 0
github.com/lennylabs/lenny/pkg/gateway/sessionserver/queue.go:82.80,83.15 1 59
github.com/lennylabs/lenny/pkg/gateway/sessionserver/queue.go:83.15,85.3 1 59
github.com/lennylabs/lenny/pkg/gateway/sessionserver/queue.go:86.2,86.16 1 59
github.com/lennylabs/lenny/pkg/gateway/sessionserver/queue.go:86.16,88.3 1 0
github.com/lennylabs/lenny/pkg/gateway/sessionserver/queue.go:89.2,93.3 1 59
github.com/lennylabs/lenny/pkg/gateway/sessionserver/queue.go:103.35,107.2 1 0
github.com/lennylabs/lenny/pkg/gateway/sessionserver/queue.go:134.151,137.16 3 0
github.com/lennylabs/lenny/pkg/gateway/sessionserver/queue.go:137.16,139.3 1 0
github.com/lennylabs/lenny/pkg/gateway/sessionserver/queue.go:143.2,143.66 1 0
github.com/lennylabs/lenny/pkg/gateway/sessionserver/queue.go:143.66,145.3 1 0
github.com/lennylabs/lenny/pkg/gateway/sessionserver/queue.go:146.2,146.69 1 0
github.com/lennylabs/lenny/pkg/gateway/sessionserver/queue.go:157.14,161.20 3 0
github.com/lennylabs/lenny/pkg/gateway/sessionserver/queue.go:161.20,163.3 1 0
github.com/lennylabs/lenny/pkg/gateway/sessionserver/queue.go:165.2,170.15 3 0
github.com/lennylabs/lenny/pkg/gateway/sessionserver/queue.go:170.15,172.22 2 0
github.com/lennylabs/lenny/pkg/gateway/sessionserver/queue.go:172.22,174.4 1 0
github.com/lennylabs/lenny/pkg/gateway/sessionserver/queue.go:179.2,184.6 4 0
github.com/lennylabs/lenny/pkg/gateway/sessionserver/queue.go:184.6,188.10 1 0
github.com/lennylabs/lenny/pkg/gateway/sessionserver/queue.go:189.21,190.26 1 0
github.com/lennylabs/lenny/pkg/gateway/sessionserver/queue.go:191.17,191.17 0 0
github.com/lennylabs/lenny/pkg/gateway/sessionserver/queue.go:195.3,195.30 1 0
github.com/lennylabs/lenny/pkg/gateway/sessionserver/queue.go:195.30,199.26 1 0
github.com/lennylabs/lenny/pkg/gateway/sessionserver/queue.go:199.26,201.5 1 0
github.com/lennylabs/lenny/pkg/gateway/sessionserver/queue.go:202.4,202.25 1 0
github.com/lennylabs/lenny/pkg/gateway/sessionserver/queue.go:205.3,206.17 2 0
github.com/lennylabs/lenny/pkg/gateway/sessionserver/queue.go:206.17,208.4 1 0
github.com/lennylabs/lenny/pkg/gateway/sessionserver/queue.go:209.3,209.25 1 0
github.com/lennylabs/lenny/pkg/gateway/sessionserver/queue.go:209.25,213.4 1 0
github.com/lennylabs/lenny/pkg/gateway/sessionserver/queue.go:214.3,222.10 3 0
github.com/lennylabs/lenny/pkg/gateway/sessionserver/queue.go:223.21,224.26 1 0
github.com/lennylabs/lenny/pkg/gateway/sessionserver/queue.go:225.19,226.31 1 0
github.com/lennylabs/lenny/pkg/gateway/sessionserver/queue.go:226.31,227.27 1 0
github.com/lennylabs/lenny/pkg/gateway/sessionserver/queue.go:227.27,229.6 1 0
github.com/lennylabs/lenny/pkg/gateway/sessionserver/queue.go:230.5,230.26 1 0
github.com/lennylabs/lenny/pkg/gateway/sessionserver/queue.go:240.60,245.14 4 0
github.com/lennylabs/lenny/pkg/gateway/sessionserver/queue.go:245.14,248.3 2 0
github.com/lennylabs/lenny/pkg/gateway/sessionserver/queue.go:249.2,252.25 4 0
github.com/lennylabs/lenny/pkg/gateway/sessionserver/queue.go:252.25,255.3 1 0
github.com/lennylabs/lenny/pkg/gateway/sessionserver/queue.go:256.2,257.15 2 0
github.com/lennylabs/lenny/pkg/gateway/sessionserver/queue.go:264.66,269.14 4 0
github.com/lennylabs/lenny/pkg/gateway/sessionserver/queue.go:269.14,271.3 1 0
github.com/lennylabs/lenny/pkg/gateway/sessionserver/queue.go:273.2,276.9 2 0
github.com/lennylabs/lenny/pkg/gateway/sessionserver/queue.go:277.16,277.16 0 0
github.com/lennylabs/lenny/pkg/gateway/sessionserver/queue.go:278.10,278.10 0 0
github.com/lennylabs/lenny/pkg/gateway/sessionserver/queue.go:280.2,281.16 2 0
github.com/lennylabs/lenny/pkg/gateway/sessionserver/queue.go:286.68,291.14 4 0
github.com/lennylabs/lenny/pkg/gateway/sessionserver/queue.go:291.14,293.3 1 0
github.com/lennylabs/lenny/pkg/gateway/sessionserver/queue.go:294.2,296.29 3 0
github.com/lennylabs/lenny/pkg/gateway/sessionserver/queue.go:296.29,298.3 1 0
github.com/lennylabs/lenny/pkg/gateway/sessionserver/queue.go:299.2,299.25 1 0
github.com/lennylabs/lenny/pkg/gateway/sessionserver/queue.go:299.25,303.3 3 0
github.com/lennylabs/lenny/pkg/gateway/sessionserver/queue.go:304.2,305.31 2 0
github.com/lennylabs/lenny/pkg/gateway/sessionserver/queue.go:311.48,312.25 1 0
github.com/lennylabs/lenny/pkg/gateway/sessionserver/queue.go:312.25,314.3 1 0
github.com/lennylabs/lenny/pkg/gateway/sessionserver/queue.go:315.2,316.9 2 0
github.com/lennylabs/lenny/pkg/gateway/sessionserver/queue.go:317.26,317.26 0 0
github.com/lennylabs/lenny/pkg/gateway/sessionserver/queue.go:318.10,318.10 0 0
github.com/lennylabs/lenny/pkg/gateway/sessionserver/queue.go:324.62,325.22 1 0
github.com/lennylabs/lenny/pkg/gateway/sessionserver/queue.go:325.22,327.3 1 0
github.com/lennylabs/lenny/pkg/gateway/sessionserver/queue.go:333.82,334.28 1 0
github.com/lennylabs/lenny/pkg/gateway/sessionserver/queue.go:334.28,335.18 1 0
github.com/lennylabs/lenny/pkg/gateway/sessionserver/queue.go:335.18,337.4 1 0
github.com/lennylabs/lenny/pkg/gateway/sessionserver/queue.go:339.2,339.16 1 0
github.com/lennylabs/lenny/pkg/gateway/sessionserver/quota.go:23.100,24.22 1 0
github.com/lennylabs/lenny/pkg/gateway/sessionserver/quota.go:24.22,26.3 1 0
github.com/lennylabs/lenny/pkg/gateway/sessionserver/quota.go:27.2,28.45 2 0
github.com/lennylabs/lenny/pkg/gateway/sessionserver/quota.go:28.45,30.3 1 0
github.com/lennylabs/lenny/pkg/gateway/sessionserver/quota.go:31.2,31.16 1 0
github.com/lennylabs/lenny/pkg/gateway/sessionserver/quota.go:31.16,35.3 2 0
github.com/lennylabs/lenny/pkg/gateway/sessionserver/quota.go:36.2,36.39 1 0
github.com/lennylabs/lenny/pkg/gateway/sessionserver/quota.go:36.39,38.3 1 0
github.com/lennylabs/lenny/pkg/gateway/sessionserver/quota.go:41.2,42.16 2 0
github.com/lennylabs/lenny/pkg/gateway/sessionserver/quota.go:42.16,46.3 2 0
github.com/lennylabs/lenny/pkg/gateway/sessionserver/quota.go:47.2,47.44 1 0
github.com/lennylabs/lenny/pkg/gateway/sessionserver/quota.go:47.44,55.3 2 0
github.com/lennylabs/lenny/pkg/gateway/sessionserver/quota.go:56.2,56.13 1 0
github.com/lennylabs/lenny/pkg/gateway/sessionserver/quota.go:73.108,74.22 1 0
github.com/lennylabs/lenny/pkg/gateway/sessionserver/quota.go:74.22,76.3 1 0
github.com/lennylabs/lenny/pkg/gateway/sessionserver/quota.go:77.2,78.45 2 0
github.com/lennylabs/lenny/pkg/gateway/sessionserver/quota.go:78.45,80.3 1 0
github.com/lennylabs/lenny/pkg/gateway/sessionserver/quota.go:81.2,81.16 1 0
github.com/lennylabs/lenny/pkg/gateway/sessionserver/quota.go:81.16,85.3 2 0
github.com/lennylabs/lenny/pkg/gateway/sessionserver/quota.go:86.2,86.70 1 0
github.com/lennylabs/lenny/pkg/gateway/sessionserver/quota.go:86.70,94.3 4 0
github.com/lennylabs/lenny/pkg/gateway/sessionserver/quota.go:95.2,95.13 1 0
github.com/lennylabs/lenny/pkg/gateway/sessionserver/quota.go:110.99,111.22 1 0
github.com/lennylabs/lenny/pkg/gateway/sessionserver/quota.go:111.22,113.3 1 0
github.com/lennylabs/lenny/pkg/gateway/sessionserver/quota.go:114.2,115.45 2 0
github.com/lennylabs/lenny/pkg/gateway/sessionserver/quota.go:115.45,117.3 1 0
github.com/lennylabs/lenny/pkg/gateway/sessionserver/quota.go:118.2,118.16 1 0
github.com/lennylabs/lenny/pkg/gateway/sessionserver/quota.go:118.16,122.3 2 0
github.com/lennylabs/lenny/pkg/gateway/sessionserver/quota.go:127.2,127.26 1 0
github.com/lennylabs/lenny/pkg/gateway/sessionserver/quota.go:127.26,132.3 2 0
github.com/lennylabs/lenny/pkg/gateway/sessionserver/quota.go:133.2,133.30 1 0
github.com/lennylabs/lenny/pkg/gateway/sessionserver/quota.go:133.30,138.3 2 0
github.com/lennylabs/lenny/pkg/gateway/sessionserver/quota.go:139.2,139.13 1 0
github.com/lennylabs/lenny/pkg/gateway/sessionserver/quota.go:147.106,148.22 1 300
github.com/lennylabs/lenny/pkg/gateway/sessionserver/quota.go:148.22,150.3 1 298
github.com/lennylabs/lenny/pkg/gateway/sessionserver/quota.go:151.2,152.45 2 2
github.com/lennylabs/lenny/pkg/gateway/sessionserver/quota.go:152.45,154.3 1 0
github.com/lennylabs/lenny/pkg/gateway/sessionserver/quota.go:155.2,155.16 1 2
github.com/lennylabs/lenny/pkg/gateway/sessionserver/quota.go:155.16,159.3 2 0
github.com/lennylabs/lenny/pkg/gateway/sessionserver/quota.go:160.2,160.26 1 2
github.com/lennylabs/lenny/pkg/gateway/sessionserver/quota.go:160.26,165.3 2 1
github.com/lennylabs/lenny/pkg/gateway/sessionserver/quota.go:166.2,166.13 1 1
github.com/lennylabs/lenny/pkg/gateway/sessionserver/quota.go:189.125,190.46 1 0
github.com/lennylabs/lenny/pkg/gateway/sessionserver/quota.go:190.46,192.77 2 0
github.com/lennylabs/lenny/pkg/gateway/sessionserver/quota.go:192.77,194.4 1 0
github.com/lennylabs/lenny/pkg/gateway/sessionserver/quota.go:196.2,196.53 1 0
github.com/lennylabs/lenny/pkg/gateway/sessionserver/quota.go:196.53,198.83 2 0
github.com/lennylabs/lenny/pkg/gateway/sessionserver/quota.go:198.83,200.4 1 0
github.com/lennylabs/lenny/pkg/gateway/sessionserver/quota.go:202.2,202.29 1 0
github.com/lennylabs/lenny/pkg/gateway/sessionserver/quota.go:202.29,204.78 2 0
github.com/lennylabs/lenny/pkg/gateway/sessionserver/quota.go:204.78,206.4 1 0
github.com/lennylabs/lenny/pkg/gateway/sessionserver/quota.go:208.2,208.13 1 0
github.com/lennylabs/lenny/pkg/gateway/sessionserver/quota.go:215.112,216.16 1 0
github.com/lennylabs/lenny/pkg/gateway/sessionserver/quota.go:216.16,220.3 2 0
github.com/lennylabs/lenny/pkg/gateway/sessionserver/quota.go:221.2,221.21 1 0
github.com/lennylabs/lenny/pkg/gateway/sessionserver/quota.go:221.21,226.3 2 0
github.com/lennylabs/lenny/pkg/gateway/sessionserver/quota.go:227.2,227.13 1 0
github.com/lennylabs/lenny/pkg/gateway/sessionserver/quota.go:245.99,246.27 1 0
github.com/lennylabs/lenny/pkg/gateway/sessionserver/quota.go:246.27,248.3 1 0
github.com/lennylabs/lenny/pkg/gateway/sessionserver/quota.go:249.2,250.34 2 0
github.com/lennylabs/lenny/pkg/gateway/sessionserver/quota.go:250.34,252.3 1 0
github.com/lennylabs/lenny/pkg/gateway/sessionserver/quota.go:253.2,262.44 3 0
github.com/lennylabs/lenny/pkg/gateway/sessionserver/quota.go:262.44,264.3 1 0
github.com/lennylabs/lenny/pkg/gateway/sessionserver/quota.go:269.2,269.30 1 0
github.com/lennylabs/lenny/pkg/gateway/sessionserver/quota.go:269.30,274.23 1 0
github.com/lennylabs/lenny/pkg/gateway/sessionserver/quota.go:274.23,278.4 2 0
github.com/lennylabs/lenny/pkg/gateway/sessionserver/quota.go:285.2,285.52 1 0
github.com/lennylabs/lenny/pkg/gateway/sessionserver/quota.go:285.52,293.3 2 0
github.com/lennylabs/lenny/pkg/gateway/sessionserver/quota.go:294.2,295.20 2 0
github.com/lennylabs/lenny/pkg/gateway/sessionserver/quota.go:295.20,297.3 1 0
github.com/lennylabs/lenny/pkg/gateway/sessionserver/quota.go:298.2,299.14 2 0
github.com/lennylabs/lenny/pkg/gateway/sessionserver/rbac_gate.go:58.105,59.54 1 11060
github.com/lennylabs/lenny/pkg/gateway/sessionserver/rbac_gate.go:59.54,60.43 1 320
github.com/lennylabs/lenny/pkg/gateway/sessionserver/rbac_gate.go:60.43,64.4 2 0
github.com/lennylabs/lenny/pkg/gateway/sessionserver/rbac_gate.go:65.3,65.13 1 320
github.com/lennylabs/lenny/pkg/gateway/sessionserver/rbac_gate.go:75.87,77.9 2 320
github.com/lennylabs/lenny/pkg/gateway/sessionserver/rbac_gate.go:77.9,82.3 1 320
github.com/lennylabs/lenny/pkg/gateway/sessionserver/rbac_gate.go:83.2,83.23 1 0
github.com/lennylabs/lenny/pkg/gateway/sessionserver/rbac_gate.go:83.23,92.3 1 0
github.com/lennylabs/lenny/pkg/gateway/sessionserver/rbac_gate.go:93.2,93.36 1 0
github.com/lennylabs/lenny/pkg/gateway/sessionserver/rbac_gate.go:93.36,95.3 1 0
github.com/lennylabs/lenny/pkg/gateway/sessionserver/rbac_gate.go:100.2,100.26 1 0
github.com/lennylabs/lenny/pkg/gateway/sessionserver/rbac_gate.go:100.26,102.3 1 0
github.com/lennylabs/lenny/pkg/gateway/sessionserver/rbac_gate.go:103.2,103.31 1 0
github.com/lennylabs/lenny/pkg/gateway/sessionserver/rbac_gate.go:103.31,104.21 1 0
github.com/lennylabs/lenny/pkg/gateway/sessionserver/rbac_gate.go:104.21,105.12 1 0
github.com/lennylabs/lenny/pkg/gateway/sessionserver/rbac_gate.go:107.3,108.17 2 0
github.com/lennylabs/lenny/pkg/gateway/sessionserver/rbac_gate.go:108.17,109.12 1 0
github.com/lennylabs/lenny/pkg/gateway/sessionserver/rbac_gate.go:111.3,111.42 1 0
github.com/lennylabs/lenny/pkg/gateway/sessionserver/rbac_gate.go:111.42,112.23 1 0
github.com/lennylabs/lenny/pkg/gateway/sessionserver/rbac_gate.go:112.23,114.5 1 0
github.com/lennylabs/lenny/pkg/gateway/sessionserver/rbac_gate.go:117.2,117.14 1 0
github.com/lennylabs/lenny/pkg/gateway/sessionserver/replay.go:64.71,65.32 1 0
github.com/lennylabs/lenny/pkg/gateway/sessionserver/replay.go:65.32,67.3 1 0
github.com/lennylabs/lenny/pkg/gateway/sessionserver/replay.go:68.2,69.44 2 0
github.com/lennylabs/lenny/pkg/gateway/sessionserver/replay.go:69.44,71.3 1 0
github.com/lennylabs/lenny/pkg/gateway/sessionserver/replay.go:72.2,72.43 1 0
github.com/lennylabs/lenny/pkg/gateway/sessionserver/replay.go:72.43,74.3 1 0
github.com/lennylabs/lenny/pkg/gateway/sessionserver/replay.go:75.2,78.16 3 0
github.com/lennylabs/lenny/pkg/gateway/sessionserver/replay.go:78.16,79.47 1 0
github.com/lennylabs/lenny/pkg/gateway/sessionserver/replay.go:79.47,82.4 2 0
github.com/lennylabs/lenny/pkg/gateway/sessionserver/replay.go:83.3,84.9 2 0
github.com/lennylabs/lenny/pkg/gateway/sessionserver/replay.go:87.2,90.59 4 0
github.com/lennylabs/lenny/pkg/gateway/sessionserver/replay.go:90.59,93.3 2 0
github.com/lennylabs/lenny/pkg/gateway/sessionserver/replay.go:94.2,94.26 1 0
github.com/lennylabs/lenny/pkg/gateway/sessionserver/replay.go:94.26,96.3 1 0
github.com/lennylabs/lenny/pkg/gateway/sessionserver/replay.go:97.2,97.86 1 0
github.com/lennylabs/lenny/pkg/gateway/sessionserver/replay.go:97.86,102.3 2 0
github.com/lennylabs/lenny/pkg/gateway/sessionserver/replay.go:103.2,103.29 1 0
github.com/lennylabs/lenny/pkg/gateway/sessionserver/replay.go:103.29,107.3 2 0
github.com/lennylabs/lenny/pkg/gateway/sessionserver/replay.go:111.2,111.39 1 0
github.com/lennylabs/lenny/pkg/gateway/sessionserver/replay.go:111.39,116.3 2 0
github.com/lennylabs/lenny/pkg/gateway/sessionserver/replay.go:117.2,117.75 1 0
github.com/lennylabs/lenny/pkg/gateway/sessionserver/replay.go:117.75,122.3 2 0
github.com/lennylabs/lenny/pkg/gateway/sessionserver/replay.go:125.2,126.18 2 0
github.com/lennylabs/lenny/pkg/gateway/sessionserver/replay.go:126.18,128.3 1 0
github.com/lennylabs/lenny/pkg/gateway/sessionserver/replay.go:129.2,129.32 1 0
github.com/lennylabs/lenny/pkg/gateway/sessionserver/replay.go:129.32,134.3 2 0
github.com/lennylabs/lenny/pkg/gateway/sessionserver/replay.go:135.2,136.70 2 0
github.com/lennylabs/lenny/pkg/gateway/sessionserver/replay.go:136.70,137.35 1 0
github.com/lennylabs/lenny/pkg/gateway/sessionserver/replay.go:137.35,146.4 2 0
github.com/lennylabs/lenny/pkg/gateway/sessionserver/replay.go:147.3,147.52 1 0
github.com/lennylabs/lenny/pkg/gateway/sessionserver/replay.go:147.52,151.4 2 0
github.com/lennylabs/lenny/pkg/gateway/sessionserver/replay.go:152.3,152.31 1 0
github.com/lennylabs/lenny/pkg/gateway/sessionserver/replay.go:152.31,162.4 1 0
github.com/lennylabs/lenny/pkg/gateway/sessionserver/replay.go:165.2,180.62 3 0
github.com/lennylabs/lenny/pkg/gateway/sessionserver/replay.go:180.62,183.3 2 0
github.com/lennylabs/lenny/pkg/gateway/sessionserver/replay.go:187.2,187.67 1 0
github.com/lennylabs/lenny/pkg/gateway/sessionserver/replay.go:187.67,188.86 1 0
github.com/lennylabs/lenny/pkg/gateway/sessionserver/replay.go:188.86,190.4 1 0
github.com/lennylabs/lenny/pkg/gateway/sessionserver/replay.go:193.2,200.37 4 0
github.com/lennylabs/lenny/pkg/gateway/sessionserver/retention.go:56.80,63.59 6 0
github.com/lennylabs/lenny/pkg/gateway/sessionserver/retention.go:63.59,66.3 2 0
github.com/lennylabs/lenny/pkg/gateway/sessionserver/retention.go:67.2,67.25 1 0
github.com/lennylabs/lenny/pkg/gateway/sessionserver/retention.go:67.25,72.3 2 0
github.com/lennylabs/lenny/pkg/gateway/sessionserver/retention.go:73.2,73.48 1 0
github.com/lennylabs/lenny/pkg/gateway/sessionserver/retention.go:73.48,81.3 2 0
github.com/lennylabs/lenny/pkg/gateway/sessionserver/retention.go:83.2,84.98 2 0
github.com/lennylabs/lenny/pkg/gateway/sessionserver/retention.go:84.98,87.3 2 0
github.com/lennylabs/lenny/pkg/gateway/sessionserver/retention.go:88.2,88.16 1 0
github.com/lennylabs/lenny/pkg/gateway/sessionserver/retention.go:88.16,89.47 1 0
github.com/lennylabs/lenny/pkg/gateway/sessionserver/retention.go:89.47,92.4 2 0
github.com/lennylabs/lenny/pkg/gateway/sessionserver/retention.go:93.3,94.9 2 0
github.com/lennylabs/lenny/pkg/gateway/sessionserver/retention.go:97.2,103.37 4 0
github.com/lennylabs/lenny/pkg/gateway/sessionserver/route.go:57.139,59.2 1 0
github.com/lennylabs/lenny/pkg/gateway/sessionserver/route.go:71.176,72.92 1 0
github.com/lennylabs/lenny/pkg/gateway/sessionserver/route.go:72.92,74.3 1 0
github.com/lennylabs/lenny/pkg/gateway/sessionserver/route.go:75.2,76.16 2 0
github.com/lennylabs/lenny/pkg/gateway/sessionserver/route.go:76.16,80.3 2 0
github.com/lennylabs/lenny/pkg/gateway/sessionserver/route.go:81.2,90.20 2 0
github.com/lennylabs/lenny/pkg/gateway/sessionserver/route.go:91.32,92.86 1 0
github.com/lennylabs/lenny/pkg/gateway/sessionserver/route.go:92.86,94.4 1 0
github.com/lennylabs/lenny/pkg/gateway/sessionserver/route.go:95.3,95.32 1 0
github.com/lennylabs/lenny/pkg/gateway/sessionserver/route.go:96.32,98.72 2 0
github.com/lennylabs/lenny/pkg/gateway/sessionserver/route.go:98.72,102.4 2 0
github.com/lennylabs/lenny/pkg/gateway/sessionserver/route.go:103.3,103.24 1 0
github.com/lennylabs/lenny/pkg/gateway/sessionserver/route.go:104.10,105.20 1 0
github.com/lennylabs/lenny/pkg/gateway/sessionserver/route.go:118.162,119.30 1 0
github.com/lennylabs/lenny/pkg/gateway/sessionserver/route.go:119.30,124.23 1 0
github.com/lennylabs/lenny/pkg/gateway/sessionserver/route.go:124.23,128.4 2 0
github.com/lennylabs/lenny/pkg/gateway/sessionserver/route.go:130.2,130.52 1 0
github.com/lennylabs/lenny/pkg/gateway/sessionserver/route.go:130.52,138.3 2 0
github.com/lennylabs/lenny/pkg/gateway/sessionserver/route.go:146.2,146.68 1 0
github.com/lennylabs/lenny/pkg/gateway/sessionserver/route.go:146.68,154.3 2 0
github.com/lennylabs/lenny/pkg/gateway/sessionserver/route.go:155.2,156.20 2 0
github.com/lennylabs/lenny/pkg/gateway/sessionserver/route.go:156.20,158.3 1 0
github.com/lennylabs/lenny/pkg/gateway/sessionserver/route.go:159.2,160.14 2 0
github.com/lennylabs/lenny/pkg/gateway/sessionserver/route.go:170.168,171.88 1 0
github.com/lennylabs/lenny/pkg/gateway/sessionserver/route.go:171.88,173.3 1 0
github.com/lennylabs/lenny/pkg/gateway/sessionserver/route.go:174.2,175.16 2 0
github.com/lennylabs/lenny/pkg/gateway/sessionserver/route.go:175.16,177.3 1 0
github.com/lennylabs/lenny/pkg/gateway/sessionserver/route.go:178.2,184.20 2 0
github.com/lennylabs/lenny/pkg/gateway/sessionserver/route.go:185.32,187.19 2 0
github.com/lennylabs/lenny/pkg/gateway/sessionserver/route.go:188.32,190.72 2 0
github.com/lennylabs/lenny/pkg/gateway/sessionserver/route.go:190.72,192.4 1 0
github.com/lennylabs/lenny/pkg/gateway/sessionserver/route.go:193.3,193.25 1 0
github.com/lennylabs/lenny/pkg/gateway/sessionserver/route.go:194.10,195.20 1 0
github.com/lennylabs/lenny/pkg/gateway/sessionserver/runtimes.go:32.71,33.19 1 0
github.com/lennylabs/lenny/pkg/gateway/sessionserver/runtimes.go:34.24,35.55 1 0
github.com/lennylabs/lenny/pkg/gateway/sessionserver/runtimes.go:36.10,37.52 1 0
github.com/lennylabs/lenny/pkg/gateway/sessionserver/runtimes.go:48.53,57.2 1 0
github.com/lennylabs/lenny/pkg/gateway/sessionserver/runtimes.go:116.83,117.65 1 0
github.com/lennylabs/lenny/pkg/gateway/sessionserver/runtimes.go:117.65,119.3 1 0
github.com/lennylabs/lenny/pkg/gateway/sessionserver/runtimes.go:120.2,120.90 1 0
github.com/lennylabs/lenny/pkg/gateway/sessionserver/runtimes.go:126.53,127.37 1 0
github.com/lennylabs/lenny/pkg/gateway/sessionserver/runtimes.go:127.37,129.3 1 0
github.com/lennylabs/lenny/pkg/gateway/sessionserver/runtimes.go:130.2,130.35 1 0
github.com/lennylabs/lenny/pkg/gateway/sessionserver/runtimes.go:145.77,147.23 2 0
github.com/lennylabs/lenny/pkg/gateway/sessionserver/runtimes.go:147.23,153.3 2 0
github.com/lennylabs/lenny/pkg/gateway/sessionserver/runtimes.go:154.2,155.16 2 0
github.com/lennylabs/lenny/pkg/gateway/sessionserver/runtimes.go:155.16,158.3 2 0
github.com/lennylabs/lenny/pkg/gateway/sessionserver/runtimes.go:159.2,161.62 3 0
github.com/lennylabs/lenny/pkg/gateway/sessionserver/runtimes.go:161.62,163.3 1 0
github.com/lennylabs/lenny/pkg/gateway/sessionserver/runtimes.go:168.2,171.26 3 0
github.com/lennylabs/lenny/pkg/gateway/sessionserver/runtimes.go:171.26,185.3 1 0
github.com/lennylabs/lenny/pkg/gateway/sessionserver/runtimes.go:186.2,189.4 1 0
github.com/lennylabs/lenny/pkg/gateway/sessionserver/runtimes.go:206.75,209.23 3 0
github.com/lennylabs/lenny/pkg/gateway/sessionserver/runtimes.go:209.23,211.17 2 0
github.com/lennylabs/lenny/pkg/gateway/sessionserver/runtimes.go:211.17,214.4 2 0
github.com/lennylabs/lenny/pkg/gateway/sessionserver/runtimes.go:215.3,217.27 3 0
github.com/lennylabs/lenny/pkg/gateway/sessionserver/runtimes.go:217.27,224.4 1 0
github.com/lennylabs/lenny/pkg/gateway/sessionserver/runtimes.go:226.2,231.4 2 0
github.com/lennylabs/lenny/pkg/gateway/sessionserver/runtimes.go:241.76,244.23 3 0
github.com/lennylabs/lenny/pkg/gateway/sessionserver/runtimes.go:244.23,247.3 2 0
github.com/lennylabs/lenny/pkg/gateway/sessionserver/runtimes.go:251.2,252.34 2 0
github.com/lennylabs/lenny/pkg/gateway/sessionserver/runtimes.go:252.34,255.3 2 0
github.com/lennylabs/lenny/pkg/gateway/sessionserver/runtimes.go:256.2,256.41 1 0
github.com/lennylabs/lenny/pkg/gateway/sessionserver/runtimes.go:256.41,257.68 1 0
github.com/lennylabs/lenny/pkg/gateway/sessionserver/runtimes.go:257.68,258.12 1 0
github.com/lennylabs/lenny/pkg/gateway/sessionserver/runtimes.go:260.3,261.15 2 0
github.com/lennylabs/lenny/pkg/gateway/sessionserver/runtimes.go:261.15,263.4 1 0
github.com/lennylabs/lenny/pkg/gateway/sessionserver/runtimes.go:264.3,266.9 3 0
github.com/lennylabs/lenny/pkg/gateway/sessionserver/runtimes.go:268.2,268.87 1 0
github.com/lennylabs/lenny/pkg/gateway/sessionserver/runtimes.go:281.84,282.21 1 0
github.com/lennylabs/lenny/pkg/gateway/sessionserver/runtimes.go:282.21,284.3 1 0
github.com/lennylabs/lenny/pkg/gateway/sessionserver/runtimes.go:285.2,286.30 2 0
github.com/lennylabs/lenny/pkg/gateway/sessionserver/runtimes.go:286.30,289.3 2 0
github.com/lennylabs/lenny/pkg/gateway/sessionserver/runtimes.go:292.2,293.34 2 0
github.com/lennylabs/lenny/pkg/gateway/sessionserver/runtimes.go:293.34,296.3 2 0
github.com/lennylabs/lenny/pkg/gateway/sessionserver/runtimes.go:297.2,298.41 2 0
github.com/lennylabs/lenny/pkg/gateway/sessionserver/runtimes.go:298.41,299.19 1 0
github.com/lennylabs/lenny/pkg/gateway/sessionserver/runtimes.go:299.19,300.12 1 0
github.com/lennylabs/lenny/pkg/gateway/sessionserver/runtimes.go:302.3,302.23 1 0
github.com/lennylabs/lenny/pkg/gateway/sessionserver/runtimes.go:303.40,303.40 0 0
github.com/lennylabs/lenny/pkg/gateway/sessionserver/runtimes.go:305.38,306.73 1 0
github.com/lennylabs/lenny/pkg/gateway/sessionserver/runtimes.go:306.73,309.5 2 0
github.com/lennylabs/lenny/pkg/gateway/sessionserver/runtimes.go:310.11,313.10 2 0
github.com/lennylabs/lenny/pkg/gateway/sessionserver/runtimes.go:315.3,316.15 2 0
github.com/lennylabs/lenny/pkg/gateway/sessionserver/runtimes.go:316.15,318.4 1 0
github.com/lennylabs/lenny/pkg/gateway/sessionserver/runtimes.go:319.3,321.9 3 0
github.com/lennylabs/lenny/pkg/gateway/sessionserver/runtimes.go:323.2,323.12 1 0
github.com/lennylabs/lenny/pkg/gateway/sessionserver/runtimes.go:329.91,330.45 1 0
github.com/lennylabs/lenny/pkg/gateway/sessionserver/runtimes.go:330.45,332.3 1 0
github.com/lennylabs/lenny/pkg/gateway/sessionserver/runtimes.go:333.2,334.16 2 0
github.com/lennylabs/lenny/pkg/gateway/sessionserver/runtimes.go:334.16,336.3 1 0
github.com/lennylabs/lenny/pkg/gateway/sessionserver/runtimes.go:337.2,337.27 1 0
github.com/lennylabs/lenny/pkg/gateway/sessionserver/runtimes.go:337.27,338.29 1 0
github.com/lennylabs/lenny/pkg/gateway/sessionserver/runtimes.go:338.29,340.4 1 0
github.com/lennylabs/lenny/pkg/gateway/sessionserver/runtimes.go:342.2,342.14 1 0
github.com/lennylabs/lenny/pkg/gateway/sessionserver/runtimes.go:350.107,352.26 2 0
github.com/lennylabs/lenny/pkg/gateway/sessionserver/runtimes.go:352.26,353.22 1 0
github.com/lennylabs/lenny/pkg/gateway/sessionserver/runtimes.go:353.22,355.12 2 0
github.com/lennylabs/lenny/pkg/gateway/sessionserver/runtimes.go:357.3,358.17 2 0
github.com/lennylabs/lenny/pkg/gateway/sessionserver/runtimes.go:358.17,359.12 1 0
github.com/lennylabs/lenny/pkg/gateway/sessionserver/runtimes.go:361.3,361.25 1 0
github.com/lennylabs/lenny/pkg/gateway/sessionserver/runtimes.go:363.2,363.12 1 0
github.com/lennylabs/lenny/pkg/gateway/sessionserver/runtimes.go:383.119,385.21 2 0
github.com/lennylabs/lenny/pkg/gateway/sessionserver/runtimes.go:385.21,387.38 2 0
github.com/lennylabs/lenny/pkg/gateway/sessionserver/runtimes.go:387.38,389.4 1 0
github.com/lennylabs/lenny/pkg/gateway/sessionserver/runtimes.go:390.3,393.17 3 0
github.com/lennylabs/lenny/pkg/gateway/sessionserver/runtimes.go:393.17,398.4 1 0
github.com/lennylabs/lenny/pkg/gateway/sessionserver/runtimes.go:399.3,399.17 1 0
github.com/lennylabs/lenny/pkg/gateway/sessionserver/runtimes.go:401.2,401.37 1 0
github.com/lennylabs/lenny/pkg/gateway/sessionserver/runtimes.go:414.143,415.52 1 0
github.com/lennylabs/lenny/pkg/gateway/sessionserver/runtimes.go:415.52,417.3 1 0
github.com/lennylabs/lenny/pkg/gateway/sessionserver/runtimes.go:418.2,419.42 2 0
github.com/lennylabs/lenny/pkg/gateway/sessionserver/runtimes.go:419.42,421.3 1 0
github.com/lennylabs/lenny/pkg/gateway/sessionserver/runtimes.go:422.2,422.20 1 0
github.com/lennylabs/lenny/pkg/gateway/sessionserver/runtimes.go:422.20,424.3 1 0
github.com/lennylabs/lenny/pkg/gateway/sessionserver/runtimes.go:425.2,425.20 1 0
github.com/lennylabs/lenny/pkg/gateway/sessionserver/runtimes.go:425.20,427.3 1 0
github.com/lennylabs/lenny/pkg/gateway/sessionserver/runtimes.go:428.2,429.34 2 0
github.com/lennylabs/lenny/pkg/gateway/sessionserver/runtimes.go:429.34,431.3 1 0
github.com/lennylabs/lenny/pkg/gateway/sessionserver/runtimes.go:432.2,433.30 2 0
github.com/lennylabs/lenny/pkg/gateway/sessionserver/runtimes.go:433.30,436.6 1 0
github.com/lennylabs/lenny/pkg/gateway/sessionserver/runtimes.go:436.6,438.4 1 0
github.com/lennylabs/lenny/pkg/gateway/sessionserver/runtimes.go:440.2,440.12 1 0
github.com/lennylabs/lenny/pkg/gateway/sessionserver/runtimes.go:450.104,451.67 1 0
github.com/lennylabs/lenny/pkg/gateway/sessionserver/runtimes.go:451.67,453.3 1 0
github.com/lennylabs/lenny/pkg/gateway/sessionserver/runtimes.go:454.2,455.37 2 0
github.com/lennylabs/lenny/pkg/gateway/sessionserver/runtimes.go:455.37,457.3 1 0
github.com/lennylabs/lenny/pkg/gateway/sessionserver/runtimes.go:458.2,461.16 3 0
github.com/lennylabs/lenny/pkg/gateway/sessionserver/runtimes.go:461.16,463.3 1 0
github.com/lennylabs/lenny/pkg/gateway/sessionserver/runtimes.go:464.2,464.28 1 0
github.com/lennylabs/lenny/pkg/gateway/sessionserver/runtimes.go:486.132,487.47 1 0
github.com/lennylabs/lenny/pkg/gateway/sessionserver/runtimes.go:487.47,489.3 1 0
github.com/lennylabs/lenny/pkg/gateway/sessionserver/runtimes.go:490.2,491.16 2 0
github.com/lennylabs/lenny/pkg/gateway/sessionserver/runtimes.go:491.16,496.3 2 0
github.com/lennylabs/lenny/pkg/gateway/sessionserver/runtimes.go:497.2,497.38 1 0
github.com/lennylabs/lenny/pkg/gateway/sessionserver/runtimes.go:497.38,499.3 1 0
github.com/lennylabs/lenny/pkg/gateway/sessionserver/runtimes.go:504.2,504.32 1 0
github.com/lennylabs/lenny/pkg/gateway/sessionserver/runtimes.go:504.32,506.3 1 0
github.com/lennylabs/lenny/pkg/gateway/sessionserver/runtimes.go:507.2,507.37 1 0
github.com/lennylabs/lenny/pkg/gateway/sessionserver/runtimes.go:507.37,509.3 1 0
github.com/lennylabs/lenny/pkg/gateway/sessionserver/runtimes.go:510.2,511.18 2 0
github.com/lennylabs/lenny/pkg/gateway/sessionserver/runtimes.go:511.18,513.3 1 0
github.com/lennylabs/lenny/pkg/gateway/sessionserver/runtimes.go:514.2,514.40 1 0
github.com/lennylabs/lenny/pkg/gateway/sessionserver/runtimes.go:514.40,516.3 1 0
github.com/lennylabs/lenny/pkg/gateway/sessionserver/runtimes.go:517.2,524.14 2 0
github.com/lennylabs/lenny/pkg/gateway/sessionserver/runtimes.go:537.157,538.42 1 0
github.com/lennylabs/lenny/pkg/gateway/sessionserver/runtimes.go:538.42,539.26 1 0
github.com/lennylabs/lenny/pkg/gateway/sessionserver/runtimes.go:539.26,540.12 1 0
github.com/lennylabs/lenny/pkg/gateway/sessionserver/runtimes.go:542.3,543.14 2 0
github.com/lennylabs/lenny/pkg/gateway/sessionserver/runtimes.go:543.14,548.4 2 0
github.com/lennylabs/lenny/pkg/gateway/sessionserver/runtimes.go:551.3,551.45 1 0
github.com/lennylabs/lenny/pkg/gateway/sessionserver/runtimes.go:551.45,556.4 2 0
github.com/lennylabs/lenny/pkg/gateway/sessionserver/runtimes.go:561.3,561.44 1 0
github.com/lennylabs/lenny/pkg/gateway/sessionserver/runtimes.go:561.44,562.90 1 0
github.com/lennylabs/lenny/pkg/gateway/sessionserver/runtimes.go:562.90,565.8 1 0
github.com/lennylabs/lenny/pkg/gateway/sessionserver/runtimes.go:565.8,570.6 2 0
github.com/lennylabs/lenny/pkg/gateway/sessionserver/runtimes.go:573.3,573.14 1 0
github.com/lennylabs/lenny/pkg/gateway/sessionserver/runtimes.go:578.2,581.14 2 0
github.com/lennylabs/lenny/pkg/gateway/sessionserver/seal.go:62.43,63.26 1 0
github.com/lennylabs/lenny/pkg/gateway/sessionserver/seal.go:64.76,65.14 1 0
github.com/lennylabs/lenny/pkg/gateway/sessionserver/seal.go:66.10,67.15 1 0
github.com/lennylabs/lenny/pkg/gateway/sessionserver/seal.go:74.66,77.9 3 0
github.com/lennylabs/lenny/pkg/gateway/sessionserver/seal.go:78.20,79.15 1 0
github.com/lennylabs/lenny/pkg/gateway/sessionserver/seal.go:80.17,81.14 1 0
github.com/lennylabs/lenny/pkg/gateway/sessionserver/seal.go:101.95,109.15 2 0
github.com/lennylabs/lenny/pkg/gateway/sessionserver/seal.go:109.15,112.3 2 0
github.com/lennylabs/lenny/pkg/gateway/sessionserver/seal.go:113.2,117.6 5 0
github.com/lennylabs/lenny/pkg/gateway/sessionserver/seal.go:117.6,119.17 2 0
github.com/lennylabs/lenny/pkg/gateway/sessionserver/seal.go:119.17,122.4 2 0
github.com/lennylabs/lenny/pkg/gateway/sessionserver/seal.go:123.3,131.32 2 0
github.com/lennylabs/lenny/pkg/gateway/sessionserver/seal.go:131.32,134.4 2 0
github.com/lennylabs/lenny/pkg/gateway/sessionserver/seal.go:138.3,139.41 2 0
github.com/lennylabs/lenny/pkg/gateway/sessionserver/seal.go:139.41,142.4 2 0
github.com/lennylabs/lenny/pkg/gateway/sessionserver/seal.go:143.3,143.33 1 0
github.com/lennylabs/lenny/pkg/gateway/sessionserver/seal.go:143.33,148.4 2 0
github.com/lennylabs/lenny/pkg/gateway/sessionserver/seal.go:149.3,150.31 2 0
github.com/lennylabs/lenny/pkg/gateway/sessionserver/seal.go:150.31,152.4 1 0
github.com/lennylabs/lenny/pkg/gateway/sessionserver/seal.go:161.99,162.34 1 0
github.com/lennylabs/lenny/pkg/gateway/sessionserver/seal.go:162.34,164.3 1 0
github.com/lennylabs/lenny/pkg/gateway/sessionserver/seal.go:165.2,165.81 1 0
github.com/lennylabs/lenny/pkg/gateway/sessionserver/seal.go:182.120,184.20 2 0
github.com/lennylabs/lenny/pkg/gateway/sessionserver/seal.go:184.20,186.3 1 0
github.com/lennylabs/lenny/pkg/gateway/sessionserver/seal.go:189.2,189.29 1 0
github.com/lennylabs/lenny/pkg/gateway/sessionserver/seal.go:189.29,201.3 1 0
github.com/lennylabs/lenny/pkg/gateway/sessionserver/seal.go:202.2,202.104 1 0
github.com/lennylabs/lenny/pkg/gateway/sessionserver/seal.go:202.104,204.3 1 0
github.com/lennylabs/lenny/pkg/gateway/sessionserver/seal.go:205.2,205.100 1 0
github.com/lennylabs/lenny/pkg/gateway/sessionserver/seal.go:205.100,208.30 3 0
github.com/lennylabs/lenny/pkg/gateway/sessionserver/seal.go:208.30,210.4 1 0
github.com/lennylabs/lenny/pkg/gateway/sessionserver/seal.go:211.3,211.13 1 0
github.com/lennylabs/lenny/pkg/gateway/sessionserver/seal.go:213.2,213.16 1 0
github.com/lennylabs/lenny/pkg/gateway/sessionserver/seal.go:213.16,218.3 1 0
github.com/lennylabs/lenny/pkg/gateway/sessionserver/seal.go:219.2,219.16 1 0
github.com/lennylabs/lenny/pkg/gateway/sessionserver/service.go:32.39,32.75 1 0
github.com/lennylabs/lenny/pkg/gateway/sessionserver/service.go:52.44,53.33 1 0
github.com/lennylabs/lenny/pkg/gateway/sessionserver/service.go:53.33,55.3 1 0
github.com/lennylabs/lenny/pkg/gateway/sessionserver/service.go:56.2,56.25 1 0
github.com/lennylabs/lenny/pkg/gateway/sessionserver/service.go:77.175,79.19 2 0
github.com/lennylabs/lenny/pkg/gateway/sessionserver/service.go:79.19,81.3 1 0
github.com/lennylabs/lenny/pkg/gateway/sessionserver/service.go:81.8,83.3 1 0
github.com/lennylabs/lenny/pkg/gateway/sessionserver/service.go:84.2,85.23 2 0
github.com/lennylabs/lenny/pkg/gateway/sessionserver/service.go:85.23,87.3 1 0
github.com/lennylabs/lenny/pkg/gateway/sessionserver/service.go:88.2,88.20 1 0
github.com/lennylabs/lenny/pkg/gateway/sessionserver/service.go:88.20,90.3 1 0
github.com/lennylabs/lenny/pkg/gateway/sessionserver/service.go:91.2,91.28 1 0
github.com/lennylabs/lenny/pkg/gateway/sessionserver/service.go:91.28,93.3 1 0
github.com/lennylabs/lenny/pkg/gateway/sessionserver/service.go:94.2,97.39 3 0
github.com/lennylabs/lenny/pkg/gateway/sessionserver/service.go:97.39,103.3 1 0
github.com/lennylabs/lenny/pkg/gateway/sessionserver/service.go:105.2,106.87 2 0
github.com/lennylabs/lenny/pkg/gateway/sessionserver/service.go:106.87,114.3 1 0
github.com/lennylabs/lenny/pkg/gateway/sessionserver/service.go:115.2,122.3 1 0
github.com/lennylabs/lenny/pkg/gateway/sessionserver/service.go:145.142,147.16 2 0
github.com/lennylabs/lenny/pkg/gateway/sessionserver/service.go:147.16,154.3 1 0
github.com/lennylabs/lenny/pkg/gateway/sessionserver/service.go:155.2,157.20 3 0
github.com/lennylabs/lenny/pkg/gateway/sessionserver/service.go:157.20,159.3 1 0
github.com/lennylabs/lenny/pkg/gateway/sessionserver/service.go:160.2,163.65 3 0
github.com/lennylabs/lenny/pkg/gateway/sessionserver/service.go:163.65,165.65 2 0
github.com/lennylabs/lenny/pkg/gateway/sessionserver/service.go:165.65,173.4 1 0
github.com/lennylabs/lenny/pkg/gateway/sessionserver/service.go:174.3,174.19 1 0
github.com/lennylabs/lenny/pkg/gateway/sessionserver/service.go:177.2,178.87 2 0
github.com/lennylabs/lenny/pkg/gateway/sessionserver/service.go:178.87,186.3 1 0
github.com/lennylabs/lenny/pkg/gateway/sessionserver/service.go:187.2,194.3 1 0
github.com/lennylabs/lenny/pkg/gateway/sessionserver/session_subresources.go:30.56,33.2 1 7
github.com/lennylabs/lenny/pkg/gateway/sessionserver/session_subresources.go:57.78,65.16 4 0
github.com/lennylabs/lenny/pkg/gateway/sessionserver/session_subresources.go:65.16,66.47 1 0
github.com/lennylabs/lenny/pkg/gateway/sessionserver/session_subresources.go:66.47,69.4 2 0
github.com/lennylabs/lenny/pkg/gateway/sessionserver/session_subresources.go:70.3,71.9 2 0
github.com/lennylabs/lenny/pkg/gateway/sessionserver/session_subresources.go:75.2,75.29 1 0
github.com/lennylabs/lenny/pkg/gateway/sessionserver/session_subresources.go:75.29,78.3 2 0
github.com/lennylabs/lenny/pkg/gateway/sessionserver/session_subresources.go:80.2,81.24 2 0
github.com/lennylabs/lenny/pkg/gateway/sessionserver/session_subresources.go:81.24,83.17 2 0
github.com/lennylabs/lenny/pkg/gateway/sessionserver/session_subresources.go:83.17,86.4 2 0
github.com/lennylabs/lenny/pkg/gateway/sessionserver/session_subresources.go:87.3,87.28 1 0
github.com/lennylabs/lenny/pkg/gateway/sessionserver/session_subresources.go:87.28,88.46 1 0
github.com/lennylabs/lenny/pkg/gateway/sessionserver/session_subresources.go:88.46,89.13 1 0
github.com/lennylabs/lenny/pkg/gateway/sessionserver/session_subresources.go:91.4,91.49 1 0
github.com/lennylabs/lenny/pkg/gateway/sessionserver/session_subresources.go:95.2,97.63 3 0
github.com/lennylabs/lenny/pkg/gateway/sessionserver/session_subresources.go:103.68,105.16 2 0
github.com/lennylabs/lenny/pkg/gateway/sessionserver/session_subresources.go:105.16,107.3 1 0
github.com/lennylabs/lenny/pkg/gateway/sessionserver/session_subresources.go:108.2,116.29 2 0
github.com/lennylabs/lenny/pkg/gateway/sessionserver/session_subresources.go:116.29,118.3 1 0
github.com/lennylabs/lenny/pkg/gateway/sessionserver/session_subresources.go:119.2,119.10 1 0
github.com/lennylabs/lenny/pkg/gateway/sessionserver/session_subresources.go:133.77,135.71 2 0
github.com/lennylabs/lenny/pkg/gateway/sessionserver/session_subresources.go:135.71,139.3 2 0
github.com/lennylabs/lenny/pkg/gateway/sessionserver/session_subresources.go:141.2,144.16 4 0
github.com/lennylabs/lenny/pkg/gateway/sessionserver/session_subresources.go:144.16,145.47 1 0
github.com/lennylabs/lenny/pkg/gateway/sessionserver/session_subresources.go:145.47,148.4 2 0
github.com/lennylabs/lenny/pkg/gateway/sessionserver/session_subresources.go:149.3,150.9 2 0
github.com/lennylabs/lenny/pkg/gateway/sessionserver/session_subresources.go:154.2,154.29 1 0
github.com/lennylabs/lenny/pkg/gateway/sessionserver/session_subresources.go:154.29,157.3 2 0
github.com/lennylabs/lenny/pkg/gateway/sessionserver/session_subresources.go:163.2,165.22 3 0
github.com/lennylabs/lenny/pkg/gateway/sessionserver/session_subresources.go:165.22,168.27 3 0
github.com/lennylabs/lenny/pkg/gateway/sessionserver/session_subresources.go:168.27,170.18 2 0
github.com/lennylabs/lenny/pkg/gateway/sessionserver/session_subresources.go:170.18,173.5 2 0
github.com/lennylabs/lenny/pkg/gateway/sessionserver/session_subresources.go:174.4,177.36 4 0
github.com/lennylabs/lenny/pkg/gateway/sessionserver/session_subresources.go:181.2,190.4 3 0
github.com/lennylabs/lenny/pkg/gateway/sessionserver/session_subresources.go:206.76,211.16 4 0
github.com/lennylabs/lenny/pkg/gateway/sessionserver/session_subresources.go:211.16,212.47 1 0
github.com/lennylabs/lenny/pkg/gateway/sessionserver/session_subresources.go:212.47,215.4 2 0
github.com/lennylabs/lenny/pkg/gateway/sessionserver/session_subresources.go:216.3,217.9 2 0
github.com/lennylabs/lenny/pkg/gateway/sessionserver/session_subresources.go:223.2,223.29 1 0
github.com/lennylabs/lenny/pkg/gateway/sessionserver/session_subresources.go:223.29,226.3 2 0
github.com/lennylabs/lenny/pkg/gateway/sessionserver/session_subresources.go:228.2,229.36 2 0
github.com/lennylabs/lenny/pkg/gateway/sessionserver/session_subresources.go:229.36,240.3 1 0
github.com/lennylabs/lenny/pkg/gateway/sessionserver/session_subresources.go:242.2,244.63 3 0
github.com/lennylabs/lenny/pkg/gateway/sessionserver/session_subresources.go:259.74,264.16 4 0
github.com/lennylabs/lenny/pkg/gateway/sessionserver/session_subresources.go:264.16,265.47 1 0
github.com/lennylabs/lenny/pkg/gateway/sessionserver/session_subresources.go:265.47,268.4 2 0
github.com/lennylabs/lenny/pkg/gateway/sessionserver/session_subresources.go:269.3,270.9 2 0
github.com/lennylabs/lenny/pkg/gateway/sessionserver/session_subresources.go:277.2,277.29 1 0
github.com/lennylabs/lenny/pkg/gateway/sessionserver/session_subresources.go:277.29,281.3 2 0
github.com/lennylabs/lenny/pkg/gateway/sessionserver/session_subresources.go:285.2,285.69 1 0
github.com/lennylabs/lenny/pkg/gateway/sessionserver/session_subresources.go:285.69,289.3 2 0
github.com/lennylabs/lenny/pkg/gateway/sessionserver/session_subresources.go:290.2,290.20 1 0
github.com/lennylabs/lenny/pkg/gateway/sessionserver/session_subresources.go:290.20,294.3 2 0
github.com/lennylabs/lenny/pkg/gateway/sessionserver/session_subresources.go:303.2,303.51 1 0
github.com/lennylabs/lenny/pkg/gateway/sessionserver/session_subresources.go:303.51,305.3 1 0
github.com/lennylabs/lenny/pkg/gateway/sessionserver/session_subresources.go:307.2,308.9 2 0
github.com/lennylabs/lenny/pkg/gateway/sessionserver/session_subresources.go:308.9,312.3 2 0
github.com/lennylabs/lenny/pkg/gateway/sessionserver/session_subresources.go:314.2,315.16 2 0
github.com/lennylabs/lenny/pkg/gateway/sessionserver/session_subresources.go:315.16,316.47 1 0
github.com/lennylabs/lenny/pkg/gateway/sessionserver/session_subresources.go:316.47,320.4 2 0
github.com/lennylabs/lenny/pkg/gateway/sessionserver/session_subresources.go:321.3,321.44 1 0
github.com/lennylabs/lenny/pkg/gateway/sessionserver/session_subresources.go:321.44,325.4 2 0
github.com/lennylabs/lenny/pkg/gateway/sessionserver/session_subresources.go:326.3,327.9 2 0
github.com/lennylabs/lenny/pkg/gateway/sessionserver/session_subresources.go:329.2,332.16 3 0
github.com/lennylabs/lenny/pkg/gateway/sessionserver/session_subresources.go:332.16,334.3 1 0
github.com/lennylabs/lenny/pkg/gateway/sessionserver/session_subresources.go:335.2,337.59 3 0
github.com/lennylabs/lenny/pkg/gateway/sessionserver/session_subresources.go:337.59,339.3 1 0
github.com/lennylabs/lenny/pkg/gateway/sessionserver/session_subresources.go:340.2,341.25 2 0
github.com/lennylabs/lenny/pkg/gateway/sessionserver/session_subresources.go:351.53,353.50 2 0
github.com/lennylabs/lenny/pkg/gateway/sessionserver/session_subresources.go:353.50,355.3 1 0
github.com/lennylabs/lenny/pkg/gateway/sessionserver/session_subresources.go:356.2,356.16 1 0
github.com/lennylabs/lenny/pkg/gateway/sessionserver/session_subresources.go:378.129,379.34 1 0
github.com/lennylabs/lenny/pkg/gateway/sessionserver/session_subresources.go:379.34,381.3 1 0
github.com/lennylabs/lenny/pkg/gateway/sessionserver/session_subresources.go:382.2,384.16 3 0
github.com/lennylabs/lenny/pkg/gateway/sessionserver/session_subresources.go:384.16,388.3 1 0
github.com/lennylabs/lenny/pkg/gateway/sessionserver/session_subresources.go:389.2,389.25 1 0
github.com/lennylabs/lenny/pkg/gateway/sessionserver/session_subresources.go:389.25,395.3 2 0
github.com/lennylabs/lenny/pkg/gateway/sessionserver/session_subresources.go:396.2,397.20 2 0
github.com/lennylabs/lenny/pkg/gateway/sessionserver/session_subresources.go:397.20,399.3 1 0
github.com/lennylabs/lenny/pkg/gateway/sessionserver/session_subresources.go:401.2,405.21 3 0
github.com/lennylabs/lenny/pkg/gateway/sessionserver/session_subresources.go:405.21,406.28 1 0
github.com/lennylabs/lenny/pkg/gateway/sessionserver/session_subresources.go:406.28,408.4 1 0
github.com/lennylabs/lenny/pkg/gateway/sessionserver/session_subresources.go:410.2,410.38 1 0
github.com/lennylabs/lenny/pkg/gateway/sessionserver/session_subresources.go:410.38,418.18 4 0
github.com/lennylabs/lenny/pkg/gateway/sessionserver/session_subresources.go:418.18,420.49 2 0
github.com/lennylabs/lenny/pkg/gateway/sessionserver/session_subresources.go:420.49,424.5 2 0
github.com/lennylabs/lenny/pkg/gateway/sessionserver/session_subresources.go:425.4,425.46 1 0
github.com/lennylabs/lenny/pkg/gateway/sessionserver/session_subresources.go:425.46,429.5 2 0
github.com/lennylabs/lenny/pkg/gateway/sessionserver/session_subresources.go:430.4,431.15 2 0
github.com/lennylabs/lenny/pkg/gateway/sessionserver/session_subresources.go:433.3,433.32 1 0
github.com/lennylabs/lenny/pkg/gateway/sessionserver/session_subresources.go:435.2,438.55 3 0
github.com/lennylabs/lenny/pkg/gateway/sessionserver/session_subresources.go:438.55,440.3 1 0
github.com/lennylabs/lenny/pkg/gateway/sessionserver/session_subresources.go:441.2,443.59 3 0
github.com/lennylabs/lenny/pkg/gateway/sessionserver/session_subresources.go:443.59,445.3 1 0
github.com/lennylabs/lenny/pkg/gateway/sessionserver/session_subresources.go:446.2,447.30 2 0
github.com/lennylabs/lenny/pkg/gateway/sessionserver/session_subresources.go:447.30,448.47 1 0
github.com/lennylabs/lenny/pkg/gateway/sessionserver/session_subresources.go:448.47,452.4 1 0
github.com/lennylabs/lenny/pkg/gateway/sessionserver/session_subresources.go:454.2,454.13 1 0
github.com/lennylabs/lenny/pkg/gateway/sessionserver/session_subresources.go:459.77,460.57 1 0
github.com/lennylabs/lenny/pkg/gateway/sessionserver/session_subresources.go:460.57,462.3 1 0
github.com/lennylabs/lenny/pkg/gateway/sessionserver/session_subresources.go:463.2,463.11 1 0
github.com/lennylabs/lenny/pkg/gateway/sessionserver/session_subresources.go:473.67,474.52 1 0
github.com/lennylabs/lenny/pkg/gateway/sessionserver/session_subresources.go:474.52,476.17 2 0
github.com/lennylabs/lenny/pkg/gateway/sessionserver/session_subresources.go:476.17,478.4 1 0
github.com/lennylabs/lenny/pkg/gateway/sessionserver/session_subresources.go:479.3,479.31 1 0
github.com/lennylabs/lenny/pkg/gateway/sessionserver/session_subresources.go:479.31,481.4 1 0
github.com/lennylabs/lenny/pkg/gateway/sessionserver/session_subresources.go:482.3,482.19 1 0
github.com/lennylabs/lenny/pkg/gateway/sessionserver/session_subresources.go:484.2,485.44 2 0
github.com/lennylabs/lenny/pkg/gateway/sessionserver/session_subresources.go:485.44,487.3 1 0
github.com/lennylabs/lenny/pkg/gateway/sessionserver/session_subresources.go:488.2,493.9 1 0
github.com/lennylabs/lenny/pkg/gateway/sessionserver/sessionserver.go:95.61,97.2 1 639
github.com/lennylabs/lenny/pkg/gateway/sessionserver/sessionserver.go:101.43,101.78 1 319
github.com/lennylabs/lenny/pkg/gateway/sessionserver/sessionserver.go:119.3,121.2 1 290
github.com/lennylabs/lenny/pkg/gateway/sessionserver/sessionserver.go:625.39,626.12 1 118
github.com/lennylabs/lenny/pkg/gateway/sessionserver/sessionserver.go:626.12,628.3 1 118
github.com/lennylabs/lenny/pkg/gateway/sessionserver/sessionserver.go:629.2,629.11 1 0
github.com/lennylabs/lenny/pkg/gateway/sessionserver/sessionserver.go:629.11,631.3 1 0
github.com/lennylabs/lenny/pkg/gateway/sessionserver/sessionserver.go:632.2,632.10 1 0
github.com/lennylabs/lenny/pkg/gateway/sessionserver/sessionserver.go:827.62,828.58 1 0
github.com/lennylabs/lenny/pkg/gateway/sessionserver/sessionserver.go:828.58,830.3 1 0
github.com/lennylabs/lenny/pkg/gateway/sessionserver/sessionserver.go:831.2,840.40 2 0
github.com/lennylabs/lenny/pkg/gateway/sessionserver/sessionserver.go:840.40,846.3 5 0
github.com/lennylabs/lenny/pkg/gateway/sessionserver/sessionserver.go:847.2,847.44 1 0
github.com/lennylabs/lenny/pkg/gateway/sessionserver/sessionserver.go:1738.58,1862.25 2 59
github.com/lennylabs/lenny/pkg/gateway/sessionserver/sessionserver.go:1862.25,1868.3 1 59
github.com/lennylabs/lenny/pkg/gateway/sessionserver/sessionserver.go:1869.2,1869.32 1 59
github.com/lennylabs/lenny/pkg/gateway/sessionserver/sessionserver.go:1869.32,1874.3 1 59
github.com/lennylabs/lenny/pkg/gateway/sessionserver/sessionserver.go:1875.2,1875.29 1 59
github.com/lennylabs/lenny/pkg/gateway/sessionserver/sessionserver.go:1875.29,1879.3 1 59
github.com/lennylabs/lenny/pkg/gateway/sessionserver/sessionserver.go:1880.2,1880.28 1 59
github.com/lennylabs/lenny/pkg/gateway/sessionserver/sessionserver.go:1880.28,1883.3 1 59
github.com/lennylabs/lenny/pkg/gateway/sessionserver/sessionserver.go:1884.2,1884.24 1 59
github.com/lennylabs/lenny/pkg/gateway/sessionserver/sessionserver.go:1884.24,1886.3 1 59
github.com/lennylabs/lenny/pkg/gateway/sessionserver/sessionserver.go:1887.2,1887.34 1 59
github.com/lennylabs/lenny/pkg/gateway/sessionserver/sessionserver.go:1887.34,1889.3 1 59
github.com/lennylabs/lenny/pkg/gateway/sessionserver/sessionserver.go:1890.2,1890.25 1 59
github.com/lennylabs/lenny/pkg/gateway/sessionserver/sessionserver.go:1890.25,1894.3 1 59
github.com/lennylabs/lenny/pkg/gateway/sessionserver/sessionserver.go:1895.2,1895.20 1 59
github.com/lennylabs/lenny/pkg/gateway/sessionserver/sessionserver.go:1895.20,1896.30 1 54
github.com/lennylabs/lenny/pkg/gateway/sessionserver/sessionserver.go:1896.30,1896.57 1 567
github.com/lennylabs/lenny/pkg/gateway/sessionserver/sessionserver.go:1903.2,1907.19 5 59
github.com/lennylabs/lenny/pkg/gateway/sessionserver/sessionserver.go:1907.19,1909.3 1 59
github.com/lennylabs/lenny/pkg/gateway/sessionserver/sessionserver.go:1910.2,1910.31 1 59
github.com/lennylabs/lenny/pkg/gateway/sessionserver/sessionserver.go:1910.31,1912.3 1 59
github.com/lennylabs/lenny/pkg/gateway/sessionserver/sessionserver.go:1913.2,1913.27 1 59
github.com/lennylabs/lenny/pkg/gateway/sessionserver/sessionserver.go:1913.27,1915.3 1 59
github.com/lennylabs/lenny/pkg/gateway/sessionserver/sessionserver.go:1916.2,1916.25 1 59
github.com/lennylabs/lenny/pkg/gateway/sessionserver/sessionserver.go:1916.25,1918.3 1 59
github.com/lennylabs/lenny/pkg/gateway/sessionserver/sessionserver.go:1926.2,1935.27 2 59
github.com/lennylabs/lenny/pkg/gateway/sessionserver/sessionserver.go:1935.27,1946.3 4 59
github.com/lennylabs/lenny/pkg/gateway/sessionserver/sessionserver.go:1947.2,1947.42 1 59
github.com/lennylabs/lenny/pkg/gateway/sessionserver/sessionserver.go:1947.42,1951.3 1 59
github.com/lennylabs/lenny/pkg/gateway/sessionserver/sessionserver.go:1955.2,1956.10 2 59
github.com/lennylabs/lenny/pkg/gateway/sessionserver/sessionserver.go:1969.41,1971.57 2 316
github.com/lennylabs/lenny/pkg/gateway/sessionserver/sessionserver.go:1971.57,1973.3 1 6952
github.com/lennylabs/lenny/pkg/gateway/sessionserver/sessionserver.go:1977.2,1977.60 1 316
github.com/lennylabs/lenny/pkg/gateway/sessionserver/sessionserver.go:1977.60,1979.3 1 316
github.com/lennylabs/lenny/pkg/gateway/sessionserver/sessionserver.go:1980.2,1980.55 1 316
github.com/lennylabs/lenny/pkg/gateway/sessionserver/sessionserver.go:1980.55,1982.3 1 3792
github.com/lennylabs/lenny/pkg/gateway/sessionserver/sessionserver.go:1983.2,2050.12 45 316
github.com/lennylabs/lenny/pkg/gateway/sessionserver/sessionserver.go:2345.52,2346.55 1 0
github.com/lennylabs/lenny/pkg/gateway/sessionserver/sessionserver.go:2346.55,2348.3 1 0
github.com/lennylabs/lenny/pkg/gateway/sessionserver/sessionserver.go:2349.2,2349.27 1 0
github.com/lennylabs/lenny/pkg/gateway/sessionserver/sessionserver.go:2359.54,2360.18 1 0
github.com/lennylabs/lenny/pkg/gateway/sessionserver/sessionserver.go:2360.18,2362.3 1 0
github.com/lennylabs/lenny/pkg/gateway/sessionserver/sessionserver.go:2363.2,2363.40 1 0
github.com/lennylabs/lenny/pkg/gateway/sessionserver/sessionserver.go:2390.71,2392.9 2 0
github.com/lennylabs/lenny/pkg/gateway/sessionserver/sessionserver.go:2392.9,2394.3 1 0
github.com/lennylabs/lenny/pkg/gateway/sessionserver/sessionserver.go:2395.2,2395.28 1 0
github.com/lennylabs/lenny/pkg/gateway/sessionserver/sessionserver.go:2402.84,2404.9 2 0
github.com/lennylabs/lenny/pkg/gateway/sessionserver/sessionserver.go:2404.9,2406.3 1 0
github.com/lennylabs/lenny/pkg/gateway/sessionserver/sessionserver.go:2407.2,2408.28 2 0
github.com/lennylabs/lenny/pkg/gateway/sessionserver/sessionserver.go:2414.107,2418.59 4 0
github.com/lennylabs/lenny/pkg/gateway/sessionserver/sessionserver.go:2418.59,2421.3 2 0
github.com/lennylabs/lenny/pkg/gateway/sessionserver/sessionserver.go:2422.2,2422.18 1 0
github.com/lennylabs/lenny/pkg/gateway/sessionserver/sessionserver.go:2436.65,2437.20 1 0
github.com/lennylabs/lenny/pkg/gateway/sessionserver/sessionserver.go:2437.20,2439.3 1 0
github.com/lennylabs/lenny/pkg/gateway/sessionserver/sessionserver.go:2440.2,2440.41 1 0
github.com/lennylabs/lenny/pkg/gateway/sessionserver/sessionserver.go:2452.77,2453.18 1 0
github.com/lennylabs/lenny/pkg/gateway/sessionserver/sessionserver.go:2453.18,2455.3 1 0
github.com/lennylabs/lenny/pkg/gateway/sessionserver/sessionserver.go:2456.2,2456.39 1 0
github.com/lennylabs/lenny/pkg/gateway/sessionserver/sessionserver.go:2473.115,2475.16 2 0
github.com/lennylabs/lenny/pkg/gateway/sessionserver/sessionserver.go:2475.16,2476.44 1 0
github.com/lennylabs/lenny/pkg/gateway/sessionserver/sessionserver.go:2476.44,2478.4 1 0
github.com/lennylabs/lenny/pkg/gateway/sessionserver/sessionserver.go:2479.3,2479.103 1 0
github.com/lennylabs/lenny/pkg/gateway/sessionserver/sessionserver.go:2481.2,2486.36 2 0
github.com/lennylabs/lenny/pkg/gateway/sessionserver/sessionserver.go:2486.36,2489.3 2 0
github.com/lennylabs/lenny/pkg/gateway/sessionserver/sessionserver.go:2490.2,2490.38 1 0
github.com/lennylabs/lenny/pkg/gateway/sessionserver/sessionserver.go:2490.38,2503.32 6 0
github.com/lennylabs/lenny/pkg/gateway/sessionserver/sessionserver.go:2503.32,2514.4 3 0
github.com/lennylabs/lenny/pkg/gateway/sessionserver/sessionserver.go:2516.2,2516.26 1 0
github.com/lennylabs/lenny/pkg/gateway/sessionserver/sessionserver.go:2532.115,2533.47 1 0
github.com/lennylabs/lenny/pkg/gateway/sessionserver/sessionserver.go:2533.47,2535.3 1 0
github.com/lennylabs/lenny/pkg/gateway/sessionserver/sessionserver.go:2536.2,2536.18 1 0
github.com/lennylabs/lenny/pkg/gateway/sessionserver/sessionserver.go:2548.102,2549.34 1 0
github.com/lennylabs/lenny/pkg/gateway/sessionserver/sessionserver.go:2549.34,2551.3 1 0
github.com/lennylabs/lenny/pkg/gateway/sessionserver/sessionserver.go:2552.2,2552.50 1 0
github.com/lennylabs/lenny/pkg/gateway/sessionserver/sessionserver.go:2565.150,2566.53 1 0
github.com/lennylabs/lenny/pkg/gateway/sessionserver/sessionserver.go:2566.53,2568.3 1 0
github.com/lennylabs/lenny/pkg/gateway/sessionserver/sessionserver.go:2572.2,2573.16 2 0
github.com/lennylabs/lenny/pkg/gateway/sessionserver/sessionserver.go:2573.16,2575.3 1 0
github.com/lennylabs/lenny/pkg/gateway/sessionserver/sessionserver.go:2576.2,2576.48 1 0
github.com/lennylabs/lenny/pkg/gateway/sessionserver/sessionserver.go:2583.71,2595.2 1 0
github.com/lennylabs/lenny/pkg/gateway/sessionserver/sessionserver.go:2606.78,2608.16 2 0
github.com/lennylabs/lenny/pkg/gateway/sessionserver/sessionserver.go:2608.16,2610.3 1 0
github.com/lennylabs/lenny/pkg/gateway/sessionserver/sessionserver.go:2611.2,2628.80 2 0
github.com/lennylabs/lenny/pkg/gateway/sessionserver/sessionserver.go:2628.80,2632.3 3 0
github.com/lennylabs/lenny/pkg/gateway/sessionserver/sessionserver.go:2633.2,2633.14 1 0
github.com/lennylabs/lenny/pkg/gateway/sessionserver/sessionserver.go:2641.107,2643.19 2 0
github.com/lennylabs/lenny/pkg/gateway/sessionserver/sessionserver.go:2643.19,2645.3 1 0
github.com/lennylabs/lenny/pkg/gateway/sessionserver/sessionserver.go:2646.2,2647.16 2 0
github.com/lennylabs/lenny/pkg/gateway/sessionserver/sessionserver.go:2647.16,2649.3 1 0
github.com/lennylabs/lenny/pkg/gateway/sessionserver/sessionserver.go:2650.2,2659.70 3 0
github.com/lennylabs/lenny/pkg/gateway/sessionserver/sessionserver.go:2659.70,2663.3 3 0
github.com/lennylabs/lenny/pkg/gateway/sessionserver/sessionserver.go:2664.2,2664.14 1 0
github.com/lennylabs/lenny/pkg/gateway/sessionserver/sessionserver.go:2675.60,2676.70 1 0
github.com/lennylabs/lenny/pkg/gateway/sessionserver/sessionserver.go:2676.70,2678.3 1 0
github.com/lennylabs/lenny/pkg/gateway/sessionserver/sessionserver.go:2679.2,2679.37 1 0
github.com/lennylabs/lenny/pkg/gateway/sessionserver/sessionserver.go:2679.37,2682.3 1 0
github.com/lennylabs/lenny/pkg/gateway/sessionserver/sessionserver.go:2683.2,2683.19 1 0
github.com/lennylabs/lenny/pkg/gateway/sessionserver/sessionserver.go:2683.19,2690.96 1 0
github.com/lennylabs/lenny/pkg/gateway/sessionserver/sessionserver.go:2690.96,2691.74 1 0
github.com/lennylabs/lenny/pkg/gateway/sessionserver/sessionserver.go:2691.74,2693.5 1 0
github.com/lennylabs/lenny/pkg/gateway/sessionserver/sessionserver.go:2694.4,2694.23 1 0
github.com/lennylabs/lenny/pkg/gateway/sessionserver/sessionserver.go:2696.3,2696.23 1 0
github.com/lennylabs/lenny/pkg/gateway/sessionserver/sessionserver.go:2698.2,2698.11 1 0
github.com/lennylabs/lenny/pkg/gateway/sessionserver/sessionserver.go:2708.76,2710.26 2 0
github.com/lennylabs/lenny/pkg/gateway/sessionserver/sessionserver.go:2710.26,2713.3 2 0
github.com/lennylabs/lenny/pkg/gateway/sessionserver/sessionserver.go:2714.2,2714.63 1 0
github.com/lennylabs/lenny/pkg/gateway/sessionserver/sessionserver.go:2714.63,2716.21 2 0
github.com/lennylabs/lenny/pkg/gateway/sessionserver/sessionserver.go:2716.21,2718.4 1 0
github.com/lennylabs/lenny/pkg/gateway/sessionserver/sessionserver.go:2721.3,2721.29 1 0
github.com/lennylabs/lenny/pkg/gateway/sessionserver/sessionserver.go:2721.29,2723.4 1 0
github.com/lennylabs/lenny/pkg/gateway/sessionserver/sessionserver.go:2724.3,2724.35 1 0
github.com/lennylabs/lenny/pkg/gateway/sessionserver/sessionserver.go:2724.35,2726.4 1 0
github.com/lennylabs/lenny/pkg/gateway/sessionserver/sessionserver.go:2727.3,2728.9 2 0
github.com/lennylabs/lenny/pkg/gateway/sessionserver/sessionserver.go:2730.2,2731.20 2 0
github.com/lennylabs/lenny/pkg/gateway/sessionserver/sessionserver.go:2731.20,2733.3 1 0
github.com/lennylabs/lenny/pkg/gateway/sessionserver/sessionserver.go:2734.2,2734.21 1 0
github.com/lennylabs/lenny/pkg/gateway/sessionserver/sessionserver.go:2734.21,2736.3 1 0
github.com/lennylabs/lenny/pkg/gateway/sessionserver/sessionserver.go:2737.2,2737.25 1 0
github.com/lennylabs/lenny/pkg/gateway/sessionserver/sessionserver.go:2737.25,2739.33 2 0
github.com/lennylabs/lenny/pkg/gateway/sessionserver/sessionserver.go:2739.33,2746.4 1 0
github.com/lennylabs/lenny/pkg/gateway/sessionserver/sessionserver.go:2751.3,2751.27 1 0
github.com/lennylabs/lenny/pkg/gateway/sessionserver/sessionserver.go:2753.2,2753.87 1 0
github.com/lennylabs/lenny/pkg/gateway/sessionserver/sessionserver.go:2760.43,2762.2 1 0
github.com/lennylabs/lenny/pkg/gateway/sessionserver/sessionserver.go:2765.68,2769.16 4 0
github.com/lennylabs/lenny/pkg/gateway/sessionserver/sessionserver.go:2769.16,2770.47 1 0
github.com/lennylabs/lenny/pkg/gateway/sessionserver/sessionserver.go:2770.47,2773.4 2 0
github.com/lennylabs/lenny/pkg/gateway/sessionserver/sessionserver.go:2774.3,2775.9 2 0
github.com/lennylabs/lenny/pkg/gateway/sessionserver/sessionserver.go:2781.2,2785.37 5 0
github.com/lennylabs/lenny/pkg/gateway/sessionserver/sessionserver.go:2790.69,2797.41 3 0
github.com/lennylabs/lenny/pkg/gateway/sessionserver/sessionserver.go:2797.41,2798.72 1 0
github.com/lennylabs/lenny/pkg/gateway/sessionserver/sessionserver.go:2798.72,2799.53 1 0
github.com/lennylabs/lenny/pkg/gateway/sessionserver/sessionserver.go:2799.53,2801.5 1 0
github.com/lennylabs/lenny/pkg/gateway/sessionserver/sessionserver.go:2804.2,2814.47 2 0
github.com/lennylabs/lenny/pkg/gateway/sessionserver/sessionserver.go:2814.47,2816.3 1 0
github.com/lennylabs/lenny/pkg/gateway/sessionserver/sessionserver.go:2821.2,2823.17 2 0
github.com/lennylabs/lenny/pkg/gateway/sessionserver/sessionserver.go:2823.17,2826.3 2 0
github.com/lennylabs/lenny/pkg/gateway/sessionserver/sessionserver.go:2827.2,2828.16 2 0
github.com/lennylabs/lenny/pkg/gateway/sessionserver/sessionserver.go:2828.16,2831.3 2 0
github.com/lennylabs/lenny/pkg/gateway/sessionserver/sessionserver.go:2832.2,2833.27 2 0
github.com/lennylabs/lenny/pkg/gateway/sessionserver/sessionserver.go:2833.27,2835.3 1 0
github.com/lennylabs/lenny/pkg/gateway/sessionserver/sessionserver.go:2836.2,2836.53 1 0
github.com/lennylabs/lenny/pkg/gateway/sessionserver/sessionserver.go:2836.53,2837.40 1 0
github.com/lennylabs/lenny/pkg/gateway/sessionserver/sessionserver.go:2837.40,2839.4 1 0
github.com/lennylabs/lenny/pkg/gateway/sessionserver/sessionserver.go:2840.3,2840.29 1 0
github.com/lennylabs/lenny/pkg/gateway/sessionserver/sessionserver.go:2842.2,2846.36 5 0
github.com/lennylabs/lenny/pkg/gateway/sessionserver/sessionserver.go:2861.55,2862.19 1 0
github.com/lennylabs/lenny/pkg/gateway/sessionserver/sessionserver.go:2862.19,2864.3 1 0
github.com/lennylabs/lenny/pkg/gateway/sessionserver/sessionserver.go:2865.2,2866.27 2 0
github.com/lennylabs/lenny/pkg/gateway/sessionserver/sessionserver.go:2866.27,2868.16 2 0
github.com/lennylabs/lenny/pkg/gateway/sessionserver/sessionserver.go:2868.16,2869.12 1 0
github.com/lennylabs/lenny/pkg/gateway/sessionserver/sessionserver.go:2871.3,2871.19 1 0
github.com/lennylabs/lenny/pkg/gateway/sessionserver/sessionserver.go:2873.2,2873.19 1 0
github.com/lennylabs/lenny/pkg/gateway/sessionserver/sessionserver.go:2873.19,2875.3 1 0
github.com/lennylabs/lenny/pkg/gateway/sessionserver/sessionserver.go:2876.2,2876.12 1 0
github.com/lennylabs/lenny/pkg/gateway/sessionserver/sessionserver.go:2881.71,2885.16 4 0
github.com/lennylabs/lenny/pkg/gateway/sessionserver/sessionserver.go:2885.16,2886.47 1 0
github.com/lennylabs/lenny/pkg/gateway/sessionserver/sessionserver.go:2886.47,2889.4 2 0
github.com/lennylabs/lenny/pkg/gateway/sessionserver/sessionserver.go:2890.3,2891.9 2 0
github.com/lennylabs/lenny/pkg/gateway/sessionserver/sessionserver.go:2893.2,2896.17 1 0
github.com/lennylabs/lenny/pkg/gateway/sessionserver/sessionserver.go:2896.17,2899.3 2 0
github.com/lennylabs/lenny/pkg/gateway/sessionserver/sessionserver.go:2900.2,2901.98 2 0
github.com/lennylabs/lenny/pkg/gateway/sessionserver/sessionserver.go:2901.98,2904.3 2 0
github.com/lennylabs/lenny/pkg/gateway/sessionserver/sessionserver.go:2905.2,2905.16 1 0
github.com/lennylabs/lenny/pkg/gateway/sessionserver/sessionserver.go:2905.16,2908.3 2 0
github.com/lennylabs/lenny/pkg/gateway/sessionserver/sessionserver.go:2914.2,2914.40 1 0
github.com/lennylabs/lenny/pkg/gateway/sessionserver/sessionserver.go:2914.40,2916.3 1 0
github.com/lennylabs/lenny/pkg/gateway/sessionserver/sessionserver.go:2917.2,2918.43 2 0
github.com/lennylabs/lenny/pkg/gateway/sessionserver/sessionserver.go:2925.119,2926.54 1 316
github.com/lennylabs/lenny/pkg/gateway/sessionserver/sessionserver.go:2926.54,2930.17 4 0
github.com/lennylabs/lenny/pkg/gateway/sessionserver/sessionserver.go:2930.17,2931.48 1 0
github.com/lennylabs/lenny/pkg/gateway/sessionserver/sessionserver.go:2931.48,2934.5 2 0
github.com/lennylabs/lenny/pkg/gateway/sessionserver/sessionserver.go:2935.4,2936.10 2 0
github.com/lennylabs/lenny/pkg/gateway/sessionserver/sessionserver.go:2938.3,2941.18 1 0
github.com/lennylabs/lenny/pkg/gateway/sessionserver/sessionserver.go:2941.18,2944.4 2 0
github.com/lennylabs/lenny/pkg/gateway/sessionserver/sessionserver.go:2945.3,2946.99 2 0
github.com/lennylabs/lenny/pkg/gateway/sessionserver/sessionserver.go:2946.99,2949.4 2 0
github.com/lennylabs/lenny/pkg/gateway/sessionserver/sessionserver.go:2950.3,2950.17 1 0
github.com/lennylabs/lenny/pkg/gateway/sessionserver/sessionserver.go:2950.17,2953.4 2 0
github.com/lennylabs/lenny/pkg/gateway/sessionserver/sessionserver.go:2954.3,2954.40 1 0
github.com/lennylabs/lenny/pkg/gateway/sessionserver/sessionserver.go:2954.40,2964.42 1 0
github.com/lennylabs/lenny/pkg/gateway/sessionserver/sessionserver.go:2964.42,2966.5 1 0
github.com/lennylabs/lenny/pkg/gateway/sessionserver/sessionserver.go:2967.4,2967.61 1 0
github.com/lennylabs/lenny/pkg/gateway/sessionserver/sessionserver.go:2968.9,2974.4 1 0
github.com/lennylabs/lenny/pkg/gateway/sessionserver/sessionserver.go:2975.3,2975.44 1 0
github.com/lennylabs/lenny/pkg/gateway/sessionserver/sessionserver.go:2984.54,2984.93 1 0
github.com/lennylabs/lenny/pkg/gateway/sessionserver/sessionserver.go:2989.49,2989.83 1 0
github.com/lennylabs/lenny/pkg/gateway/sessionserver/sessionserver.go:3024.73,3028.16 4 0
github.com/lennylabs/lenny/pkg/gateway/sessionserver/sessionserver.go:3028.16,3029.47 1 0
github.com/lennylabs/lenny/pkg/gateway/sessionserver/sessionserver.go:3029.47,3032.4 2 0
github.com/lennylabs/lenny/pkg/gateway/sessionserver/sessionserver.go:3033.3,3034.9 2 0
github.com/lennylabs/lenny/pkg/gateway/sessionserver/sessionserver.go:3036.2,3039.17 1 0
github.com/lennylabs/lenny/pkg/gateway/sessionserver/sessionserver.go:3039.17,3042.3 2 0
github.com/lennylabs/lenny/pkg/gateway/sessionserver/sessionserver.go:3049.2,3050.13 2 0
github.com/lennylabs/lenny/pkg/gateway/sessionserver/sessionserver.go:3050.13,3052.3 1 0
github.com/lennylabs/lenny/pkg/gateway/sessionserver/sessionserver.go:3056.2,3056.96 1 0
github.com/lennylabs/lenny/pkg/gateway/sessionserver/sessionserver.go:3056.96,3058.14 2 0
github.com/lennylabs/lenny/pkg/gateway/sessionserver/sessionserver.go:3058.14,3060.4 1 0
github.com/lennylabs/lenny/pkg/gateway/sessionserver/sessionserver.go:3061.3,3061.13 1 0
github.com/lennylabs/lenny/pkg/gateway/sessionserver/sessionserver.go:3063.2,3063.16 1 0
github.com/lennylabs/lenny/pkg/gateway/sessionserver/sessionserver.go:3063.16,3066.3 2 0
github.com/lennylabs/lenny/pkg/gateway/sessionserver/sessionserver.go:3073.2,3074.17 2 0
github.com/lennylabs/lenny/pkg/gateway/sessionserver/sessionserver.go:3074.17,3086.3 4 0
github.com/lennylabs/lenny/pkg/gateway/sessionserver/sessionserver.go:3087.2,3088.16 2 0
github.com/lennylabs/lenny/pkg/gateway/sessionserver/sessionserver.go:3088.16,3106.3 3 0
github.com/lennylabs/lenny/pkg/gateway/sessionserver/sessionserver.go:3110.2,3110.17 1 0
github.com/lennylabs/lenny/pkg/gateway/sessionserver/sessionserver.go:3110.17,3112.3 1 0
github.com/lennylabs/lenny/pkg/gateway/sessionserver/sessionserver.go:3119.2,3126.95 4 0
github.com/lennylabs/lenny/pkg/gateway/sessionserver/sessionserver.go:3126.95,3129.3 2 0
github.com/lennylabs/lenny/pkg/gateway/sessionserver/sessionserver.go:3130.2,3130.16 1 0
github.com/lennylabs/lenny/pkg/gateway/sessionserver/sessionserver.go:3130.16,3136.18 1 0
github.com/lennylabs/lenny/pkg/gateway/sessionserver/sessionserver.go:3136.18,3138.4 1 0
github.com/lennylabs/lenny/pkg/gateway/sessionserver/sessionserver.go:3139.3,3141.9 3 0
github.com/lennylabs/lenny/pkg/gateway/sessionserver/sessionserver.go:3148.2,3148.56 1 0
github.com/lennylabs/lenny/pkg/gateway/sessionserver/sessionserver.go:3148.56,3149.96 1 0
github.com/lennylabs/lenny/pkg/gateway/sessionserver/sessionserver.go:3149.96,3150.19 1 0
github.com/lennylabs/lenny/pkg/gateway/sessionserver/sessionserver.go:3150.19,3152.5 1 0
github.com/lennylabs/lenny/pkg/gateway/sessionserver/sessionserver.go:3153.4,3156.10 3 0
github.com/lennylabs/lenny/pkg/gateway/sessionserver/sessionserver.go:3164.2,3175.13 4 0
github.com/lennylabs/lenny/pkg/gateway/sessionserver/sessionserver.go:3175.13,3177.3 1 0
github.com/lennylabs/lenny/pkg/gateway/sessionserver/sessionserver.go:3185.2,3185.29 1 0
github.com/lennylabs/lenny/pkg/gateway/sessionserver/sessionserver.go:3185.29,3196.3 1 0
github.com/lennylabs/lenny/pkg/gateway/sessionserver/sessionserver.go:3197.2,3197.43 1 0
github.com/lennylabs/lenny/pkg/gateway/sessionserver/sessionserver.go:3202.49,3202.85 1 0
github.com/lennylabs/lenny/pkg/gateway/sessionserver/sessionserver.go:3206.53,3206.91 1 0
github.com/lennylabs/lenny/pkg/gateway/sessionserver/sessionserver.go:3210.53,3210.91 1 0
github.com/lennylabs/lenny/pkg/gateway/sessionserver/sessionserver.go:3215.50,3215.86 1 4
github.com/lennylabs/lenny/pkg/gateway/sessionserver/sessionserver.go:3231.56,3232.54 1 319
github.com/lennylabs/lenny/pkg/gateway/sessionserver/sessionserver.go:3232.54,3234.3 1 0
github.com/lennylabs/lenny/pkg/gateway/sessionserver/sessionserver.go:3235.2,3235.53 1 319
github.com/lennylabs/lenny/pkg/gateway/sessionserver/sessionserver.go:3235.53,3236.49 1 319
github.com/lennylabs/lenny/pkg/gateway/sessionserver/sessionserver.go:3236.49,3238.4 1 319
github.com/lennylabs/lenny/pkg/gateway/sessionserver/sessionserver.go:3240.2,3240.18 1 0
github.com/lennylabs/lenny/pkg/gateway/sessionserver/sessionserver.go:3245.90,3249.2 3 0
github.com/lennylabs/lenny/pkg/gateway/sessionserver/sessionserver.go:3260.110,3271.2 4 25
github.com/lennylabs/lenny/pkg/gateway/sessionserver/sessionserver.go:3275.75,3277.26 2 1
github.com/lennylabs/lenny/pkg/gateway/sessionserver/sessionserver.go:3277.26,3280.3 2 0
github.com/lennylabs/lenny/pkg/gateway/sessionserver/sessionserver.go:3281.2,3282.38 2 1
github.com/lennylabs/lenny/pkg/gateway/sessionserver/sessionserver.go:3282.38,3284.3 1 9
github.com/lennylabs/lenny/pkg/gateway/sessionserver/sessionserver.go:3285.2,3288.4 1 1
github.com/lennylabs/lenny/pkg/gateway/sessionserver/sessionserver.go:3294.59,3296.24 2 0
github.com/lennylabs/lenny/pkg/gateway/sessionserver/sessionserver.go:3296.24,3298.3 1 0
github.com/lennylabs/lenny/pkg/gateway/sessionserver/sessionserver.go:3299.2,3324.28 2 0
github.com/lennylabs/lenny/pkg/gateway/sessionserver/sessionserver.go:3324.28,3326.3 1 0
github.com/lennylabs/lenny/pkg/gateway/sessionserver/sessionserver.go:3327.2,3327.32 1 0
github.com/lennylabs/lenny/pkg/gateway/sessionserver/sessionserver.go:3327.32,3329.3 1 0
github.com/lennylabs/lenny/pkg/gateway/sessionserver/sessionserver.go:3334.2,3334.41 1 0
github.com/lennylabs/lenny/pkg/gateway/sessionserver/sessionserver.go:3334.41,3336.3 1 0
github.com/lennylabs/lenny/pkg/gateway/sessionserver/sessionserver.go:3338.2,3338.39 1 0
github.com/lennylabs/lenny/pkg/gateway/sessionserver/sessionserver.go:3338.39,3340.3 1 0
github.com/lennylabs/lenny/pkg/gateway/sessionserver/sessionserver.go:3344.2,3344.27 1 0
github.com/lennylabs/lenny/pkg/gateway/sessionserver/sessionserver.go:3344.27,3346.3 1 0
github.com/lennylabs/lenny/pkg/gateway/sessionserver/sessionserver.go:3349.2,3349.25 1 0
github.com/lennylabs/lenny/pkg/gateway/sessionserver/sessionserver.go:3349.25,3351.3 1 0
github.com/lennylabs/lenny/pkg/gateway/sessionserver/sessionserver.go:3354.2,3354.28 1 0
github.com/lennylabs/lenny/pkg/gateway/sessionserver/sessionserver.go:3354.28,3356.3 1 0
github.com/lennylabs/lenny/pkg/gateway/sessionserver/sessionserver.go:3362.2,3362.22 1 0
github.com/lennylabs/lenny/pkg/gateway/sessionserver/sessionserver.go:3362.22,3364.3 1 0
github.com/lennylabs/lenny/pkg/gateway/sessionserver/sessionserver.go:3365.2,3370.25 3 0
github.com/lennylabs/lenny/pkg/gateway/sessionserver/sessionserver.go:3370.25,3373.3 2 0
github.com/lennylabs/lenny/pkg/gateway/sessionserver/sessionserver.go:3374.2,3374.41 1 0
github.com/lennylabs/lenny/pkg/gateway/sessionserver/sessionserver.go:3374.41,3377.3 2 0
github.com/lennylabs/lenny/pkg/gateway/sessionserver/sessionserver.go:3378.2,3378.39 1 0
github.com/lennylabs/lenny/pkg/gateway/sessionserver/sessionserver.go:3378.39,3380.3 1 0
github.com/lennylabs/lenny/pkg/gateway/sessionserver/sessionserver.go:3381.2,3381.33 1 0
github.com/lennylabs/lenny/pkg/gateway/sessionserver/sessionserver.go:3381.33,3383.3 1 0
github.com/lennylabs/lenny/pkg/gateway/sessionserver/sessionserver.go:3386.2,3386.30 1 0
github.com/lennylabs/lenny/pkg/gateway/sessionserver/sessionserver.go:3386.30,3388.37 2 0
github.com/lennylabs/lenny/pkg/gateway/sessionserver/sessionserver.go:3388.37,3399.4 1 0
github.com/lennylabs/lenny/pkg/gateway/sessionserver/sessionserver.go:3401.2,3401.12 1 0
github.com/lennylabs/lenny/pkg/gateway/sessionserver/sessionserver.go:3408.60,3409.18 1 0
github.com/lennylabs/lenny/pkg/gateway/sessionserver/sessionserver.go:3409.18,3411.3 1 0
github.com/lennylabs/lenny/pkg/gateway/sessionserver/sessionserver.go:3412.2,3413.23 2 0
github.com/lennylabs/lenny/pkg/gateway/sessionserver/sessionserver.go:3413.23,3415.3 1 0
github.com/lennylabs/lenny/pkg/gateway/sessionserver/sessionserver.go:3416.2,3416.12 1 0
github.com/lennylabs/lenny/pkg/gateway/sessionserver/sessionserver.go:3423.69,3424.15 1 0
github.com/lennylabs/lenny/pkg/gateway/sessionserver/sessionserver.go:3424.15,3426.3 1 0
github.com/lennylabs/lenny/pkg/gateway/sessionserver/sessionserver.go:3427.2,3428.35 2 0
github.com/lennylabs/lenny/pkg/gateway/sessionserver/sessionserver.go:3428.35,3430.3 1 0
github.com/lennylabs/lenny/pkg/gateway/sessionserver/sessionserver.go:3431.2,3431.38 1 0
github.com/lennylabs/lenny/pkg/gateway/sessionserver/sessionserver.go:3431.38,3433.3 1 0
github.com/lennylabs/lenny/pkg/gateway/sessionserver/sessionserver.go:3434.2,3434.13 1 0
github.com/lennylabs/lenny/pkg/gateway/sessionserver/sessionserver.go:3441.112,3442.15 1 0
github.com/lennylabs/lenny/pkg/gateway/sessionserver/sessionserver.go:3442.15,3444.3 1 0
github.com/lennylabs/lenny/pkg/gateway/sessionserver/sessionserver.go:3445.2,3446.24 2 0
github.com/lennylabs/lenny/pkg/gateway/sessionserver/sessionserver.go:3446.24,3449.3 2 0
github.com/lennylabs/lenny/pkg/gateway/sessionserver/sessionserver.go:3450.2,3450.32 1 0
github.com/lennylabs/lenny/pkg/gateway/sessionserver/sessionserver.go:3450.32,3453.3 2 0
github.com/lennylabs/lenny/pkg/gateway/sessionserver/sessionserver.go:3454.2,3454.13 1 0
github.com/lennylabs/lenny/pkg/gateway/sessionserver/sessionserver.go:3458.31,3460.2 1 0
github.com/lennylabs/lenny/pkg/gateway/sessionserver/sessionserver.go:3465.34,3465.54 1 0
github.com/lennylabs/lenny/pkg/gateway/sessionserver/sessionserver.go:3470.76,3472.2 1 0
github.com/lennylabs/lenny/pkg/gateway/sessionserver/sessionserver.go:3474.52,3475.47 1 0
github.com/lennylabs/lenny/pkg/gateway/sessionserver/sessionserver.go:3475.47,3477.3 1 0
github.com/lennylabs/lenny/pkg/gateway/sessionserver/sessionserver.go:3478.2,3478.11 1 0
github.com/lennylabs/lenny/pkg/gateway/sessionserver/start.go:85.105,95.9 10 0
github.com/lennylabs/lenny/pkg/gateway/sessionserver/start.go:96.36,105.28 1 0
github.com/lennylabs/lenny/pkg/gateway/sessionserver/start.go:106.43,118.6 1 0
github.com/lennylabs/lenny/pkg/gateway/sessionserver/start.go:119.37,127.84 1 0
github.com/lennylabs/lenny/pkg/gateway/sessionserver/start.go:128.44,136.59 1 0
github.com/lennylabs/lenny/pkg/gateway/sessionserver/start.go:137.34,144.73 2 0
github.com/lennylabs/lenny/pkg/gateway/sessionserver/start.go:145.61,146.41 1 0
github.com/lennylabs/lenny/pkg/gateway/sessionserver/start.go:147.32,148.33 1 0
github.com/lennylabs/lenny/pkg/gateway/sessionserver/start.go:149.60,154.77 1 0
github.com/lennylabs/lenny/pkg/gateway/sessionserver/start.go:155.59,158.49 1 0
github.com/lennylabs/lenny/pkg/gateway/sessionserver/start.go:159.35,163.32 1 0
github.com/lennylabs/lenny/pkg/gateway/sessionserver/start.go:163.32,165.4 1 0
github.com/lennylabs/lenny/pkg/gateway/sessionserver/start.go:166.3,166.55 1 0
github.com/lennylabs/lenny/pkg/gateway/sessionserver/start.go:167.47,179.45 2 0
github.com/lennylabs/lenny/pkg/gateway/sessionserver/start.go:180.45,181.46 1 0
github.com/lennylabs/lenny/pkg/gateway/sessionserver/start.go:182.96,183.60 1 0
github.com/lennylabs/lenny/pkg/gateway/sessionserver/start.go:184.35,192.35 1 0
github.com/lennylabs/lenny/pkg/gateway/sessionserver/start.go:193.37,205.53 1 0
github.com/lennylabs/lenny/pkg/gateway/sessionserver/start.go:206.10,212.38 2 0
github.com/lennylabs/lenny/pkg/gateway/sessionserver/start.go:236.3,237.62 1 0
github.com/lennylabs/lenny/pkg/gateway/sessionserver/start.go:237.62,242.3 2 0
github.com/lennylabs/lenny/pkg/gateway/sessionserver/start.go:243.2,246.52 2 0
github.com/lennylabs/lenny/pkg/gateway/sessionserver/start.go:260.101,264.2 1 0
github.com/lennylabs/lenny/pkg/gateway/sessionserver/start.go:284.92,288.2 2 0
github.com/lennylabs/lenny/pkg/gateway/sessionserver/start.go:294.85,298.2 1 0
github.com/lennylabs/lenny/pkg/gateway/sessionserver/start.go:310.88,318.2 1 0
github.com/lennylabs/lenny/pkg/gateway/sessionserver/start.go:333.79,338.2 2 0
github.com/lennylabs/lenny/pkg/gateway/sessionserver/start.go:346.96,348.19 2 0
github.com/lennylabs/lenny/pkg/gateway/sessionserver/start.go:348.19,350.3 1 0
github.com/lennylabs/lenny/pkg/gateway/sessionserver/start.go:351.2,352.45 2 0
github.com/lennylabs/lenny/pkg/gateway/sessionserver/start.go:352.45,354.3 1 0
github.com/lennylabs/lenny/pkg/gateway/sessionserver/start.go:355.2,364.5 2 0
github.com/lennylabs/lenny/pkg/gateway/sessionserver/start.go:372.83,375.18 3 0
github.com/lennylabs/lenny/pkg/gateway/sessionserver/start.go:375.18,377.3 1 0
github.com/lennylabs/lenny/pkg/gateway/sessionserver/start.go:378.2,378.87 1 0
github.com/lennylabs/lenny/pkg/gateway/sessionserver/start.go:423.79,425.44 2 0
github.com/lennylabs/lenny/pkg/gateway/sessionserver/start.go:425.44,427.3 1 0
github.com/lennylabs/lenny/pkg/gateway/sessionserver/start.go:429.2,430.9 2 0
github.com/lennylabs/lenny/pkg/gateway/sessionserver/start.go:430.9,432.3 1 0
github.com/lennylabs/lenny/pkg/gateway/sessionserver/start.go:434.2,435.9 2 0
github.com/lennylabs/lenny/pkg/gateway/sessionserver/start.go:435.9,437.3 1 0
github.com/lennylabs/lenny/pkg/gateway/sessionserver/start.go:443.2,444.78 2 0
github.com/lennylabs/lenny/pkg/gateway/sessionserver/start.go:453.100,454.32 1 0
github.com/lennylabs/lenny/pkg/gateway/sessionserver/start.go:454.32,456.3 1 0
github.com/lennylabs/lenny/pkg/gateway/sessionserver/start.go:460.2,460.43 1 0
github.com/lennylabs/lenny/pkg/gateway/sessionserver/start.go:460.43,462.3 1 0
github.com/lennylabs/lenny/pkg/gateway/sessionserver/start.go:466.2,466.52 1 0
github.com/lennylabs/lenny/pkg/gateway/sessionserver/start.go:466.52,468.3 1 0
github.com/lennylabs/lenny/pkg/gateway/sessionserver/start.go:469.2,469.44 1 0
github.com/lennylabs/lenny/pkg/gateway/sessionserver/start.go:469.44,471.3 1 0
github.com/lennylabs/lenny/pkg/gateway/sessionserver/start.go:472.2,472.45 1 0
github.com/lennylabs/lenny/pkg/gateway/sessionserver/start.go:497.148,501.59 4 0
github.com/lennylabs/lenny/pkg/gateway/sessionserver/start.go:501.59,504.3 2 0
github.com/lennylabs/lenny/pkg/gateway/sessionserver/start.go:505.2,505.26 1 0
github.com/lennylabs/lenny/pkg/gateway/sessionserver/start.go:505.26,509.3 2 0
github.com/lennylabs/lenny/pkg/gateway/sessionserver/start.go:515.2,515.62 1 0
github.com/lennylabs/lenny/pkg/gateway/sessionserver/start.go:515.62,517.3 1 0
github.com/lennylabs/lenny/pkg/gateway/sessionserver/start.go:519.2,520.19 2 0
github.com/lennylabs/lenny/pkg/gateway/sessionserver/start.go:520.19,522.3 1 0
github.com/lennylabs/lenny/pkg/gateway/sessionserver/start.go:523.2,523.33 1 0
github.com/lennylabs/lenny/pkg/gateway/sessionserver/start.go:523.33,528.3 2 0
github.com/lennylabs/lenny/pkg/gateway/sessionserver/start.go:542.2,542.102 1 0
github.com/lennylabs/lenny/pkg/gateway/sessionserver/start.go:542.102,544.3 1 0
github.com/lennylabs/lenny/pkg/gateway/sessionserver/start.go:546.2,547.13 2 0
github.com/lennylabs/lenny/pkg/gateway/sessionserver/start.go:547.13,549.3 1 0
github.com/lennylabs/lenny/pkg/gateway/sessionserver/start.go:553.2,553.68 1 0
github.com/lennylabs/lenny/pkg/gateway/sessionserver/start.go:553.68,555.3 1 0
github.com/lennylabs/lenny/pkg/gateway/sessionserver/start.go:565.2,570.9 2 0
github.com/lennylabs/lenny/pkg/gateway/sessionserver/start.go:570.9,572.3 1 0
github.com/lennylabs/lenny/pkg/gateway/sessionserver/start.go:573.2,574.37 2 0
github.com/lennylabs/lenny/pkg/gateway/sessionserver/start.go:574.37,576.3 1 0
github.com/lennylabs/lenny/pkg/gateway/sessionserver/start.go:590.2,614.84 5 0
github.com/lennylabs/lenny/pkg/gateway/sessionserver/start.go:614.84,616.3 1 0
github.com/lennylabs/lenny/pkg/gateway/sessionserver/start.go:621.2,635.36 4 0
github.com/lennylabs/lenny/pkg/gateway/sessionserver/start.go:635.36,637.3 1 0
github.com/lennylabs/lenny/pkg/gateway/sessionserver/start.go:646.2,651.9 2 0
github.com/lennylabs/lenny/pkg/gateway/sessionserver/start.go:651.9,653.3 1 0
github.com/lennylabs/lenny/pkg/gateway/sessionserver/start.go:654.2,654.88 1 0
github.com/lennylabs/lenny/pkg/gateway/sessionserver/start.go:654.88,663.3 5 0
github.com/lennylabs/lenny/pkg/gateway/sessionserver/start.go:668.2,672.10 1 0
github.com/lennylabs/lenny/pkg/gateway/sessionserver/start.go:672.10,674.3 1 0
github.com/lennylabs/lenny/pkg/gateway/sessionserver/start.go:676.2,676.105 1 0
github.com/lennylabs/lenny/pkg/gateway/sessionserver/start.go:687.172,700.16 3 0
github.com/lennylabs/lenny/pkg/gateway/sessionserver/start.go:700.16,704.3 2 0
github.com/lennylabs/lenny/pkg/gateway/sessionserver/start.go:705.2,724.24 4 0
github.com/lennylabs/lenny/pkg/gateway/sessionserver/start.go:724.24,726.17 2 0
github.com/lennylabs/lenny/pkg/gateway/sessionserver/start.go:726.17,730.4 2 0
github.com/lennylabs/lenny/pkg/gateway/sessionserver/start.go:731.3,745.27 6 0
github.com/lennylabs/lenny/pkg/gateway/sessionserver/start.go:745.27,750.4 4 0
github.com/lennylabs/lenny/pkg/gateway/sessionserver/start.go:751.3,752.17 2 0
github.com/lennylabs/lenny/pkg/gateway/sessionserver/start.go:752.17,759.50 1 0
github.com/lennylabs/lenny/pkg/gateway/sessionserver/start.go:759.50,761.5 1 0
github.com/lennylabs/lenny/pkg/gateway/sessionserver/start.go:762.4,764.27 2 0
github.com/lennylabs/lenny/pkg/gateway/sessionserver/start.go:766.3,767.19 2 0
github.com/lennylabs/lenny/pkg/gateway/sessionserver/start.go:767.19,770.4 2 0
github.com/lennylabs/lenny/pkg/gateway/sessionserver/start.go:773.2,773.58 1 0
github.com/lennylabs/lenny/pkg/gateway/sessionserver/start.go:773.58,781.3 3 0
github.com/lennylabs/lenny/pkg/gateway/sessionserver/start.go:782.2,795.25 5 0
github.com/lennylabs/lenny/pkg/gateway/sessionserver/start.go:810.56,813.2 1 0
github.com/lennylabs/lenny/pkg/gateway/sessionserver/start.go:854.114,856.16 2 0
github.com/lennylabs/lenny/pkg/gateway/sessionserver/start.go:856.16,858.3 1 0
github.com/lennylabs/lenny/pkg/gateway/sessionserver/start.go:863.2,863.39 1 0
github.com/lennylabs/lenny/pkg/gateway/sessionserver/start.go:863.39,865.3 1 0
github.com/lennylabs/lenny/pkg/gateway/sessionserver/start.go:866.2,867.16 2 0
github.com/lennylabs/lenny/pkg/gateway/sessionserver/start.go:867.16,869.3 1 0
github.com/lennylabs/lenny/pkg/gateway/sessionserver/start.go:877.2,883.24 2 0
github.com/lennylabs/lenny/pkg/gateway/sessionserver/start.go:883.24,890.17 2 0
github.com/lennylabs/lenny/pkg/gateway/sessionserver/start.go:890.17,892.4 1 0
github.com/lennylabs/lenny/pkg/gateway/sessionserver/start.go:893.3,907.27 7 0
github.com/lennylabs/lenny/pkg/gateway/sessionserver/start.go:907.27,912.4 4 0
github.com/lennylabs/lenny/pkg/gateway/sessionserver/start.go:918.3,919.17 2 0
github.com/lennylabs/lenny/pkg/gateway/sessionserver/start.go:919.17,920.50 1 0
github.com/lennylabs/lenny/pkg/gateway/sessionserver/start.go:920.50,922.5 1 0
github.com/lennylabs/lenny/pkg/gateway/sessionserver/start.go:923.4,923.18 1 0
github.com/lennylabs/lenny/pkg/gateway/sessionserver/start.go:932.2,932.94 1 0
github.com/lennylabs/lenny/pkg/gateway/sessionserver/start.go:932.94,934.14 2 0
github.com/lennylabs/lenny/pkg/gateway/sessionserver/start.go:934.14,938.4 3 0
github.com/lennylabs/lenny/pkg/gateway/sessionserver/start.go:939.3,939.25 1 0
github.com/lennylabs/lenny/pkg/gateway/sessionserver/start.go:939.25,941.4 1 0
github.com/lennylabs/lenny/pkg/gateway/sessionserver/start.go:942.3,942.19 1 0
github.com/lennylabs/lenny/pkg/gateway/sessionserver/start.go:942.19,945.4 2 0
github.com/lennylabs/lenny/pkg/gateway/sessionserver/start.go:946.3,946.13 1 0
github.com/lennylabs/lenny/pkg/gateway/sessionserver/start.go:948.2,948.16 1 0
github.com/lennylabs/lenny/pkg/gateway/sessionserver/start.go:948.16,951.3 2 0
github.com/lennylabs/lenny/pkg/gateway/sessionserver/start.go:952.2,962.34 4 0
github.com/lennylabs/lenny/pkg/gateway/sessionserver/start.go:987.70,991.16 4 0
github.com/lennylabs/lenny/pkg/gateway/sessionserver/start.go:991.16,992.47 1 0
github.com/lennylabs/lenny/pkg/gateway/sessionserver/start.go:992.47,995.4 2 0
github.com/lennylabs/lenny/pkg/gateway/sessionserver/start.go:996.3,997.9 2 0
github.com/lennylabs/lenny/pkg/gateway/sessionserver/start.go:999.2,1002.17 1 0
github.com/lennylabs/lenny/pkg/gateway/sessionserver/start.go:1002.17,1005.3 2 0
github.com/lennylabs/lenny/pkg/gateway/sessionserver/start.go:1007.2,1007.24 1 0
github.com/lennylabs/lenny/pkg/gateway/sessionserver/start.go:1007.24,1009.17 2 0
github.com/lennylabs/lenny/pkg/gateway/sessionserver/start.go:1009.17,1013.4 2 0
github.com/lennylabs/lenny/pkg/gateway/sessionserver/start.go:1022.3,1023.17 2 0
github.com/lennylabs/lenny/pkg/gateway/sessionserver/start.go:1023.17,1031.4 2 0
github.com/lennylabs/lenny/pkg/gateway/sessionserver/start.go:1032.3,1039.52 2 0
github.com/lennylabs/lenny/pkg/gateway/sessionserver/start.go:1039.52,1041.97 2 0
github.com/lennylabs/lenny/pkg/gateway/sessionserver/start.go:1041.97,1044.5 2 0
github.com/lennylabs/lenny/pkg/gateway/sessionserver/start.go:1044.20,1049.5 2 0
github.com/lennylabs/lenny/pkg/gateway/sessionserver/start.go:1053.2,1053.98 1 0
github.com/lennylabs/lenny/pkg/gateway/sessionserver/start.go:1053.98,1056.3 2 0
github.com/lennylabs/lenny/pkg/gateway/sessionserver/start.go:1057.2,1057.16 1 0
github.com/lennylabs/lenny/pkg/gateway/sessionserver/start.go:1057.16,1060.3 2 0
github.com/lennylabs/lenny/pkg/gateway/sessionserver/start.go:1062.2,1063.43 2 0
github.com/lennylabs/lenny/pkg/gateway/sessionserver/start.go:1072.80,1073.66 1 0
github.com/lennylabs/lenny/pkg/gateway/sessionserver/start.go:1073.66,1075.3 1 0
github.com/lennylabs/lenny/pkg/gateway/sessionserver/start.go:1076.2,1077.18 2 0
github.com/lennylabs/lenny/pkg/gateway/sessionserver/start.go:1090.3,1091.46 1 0
github.com/lennylabs/lenny/pkg/gateway/sessionserver/start.go:1091.46,1093.3 1 0
github.com/lennylabs/lenny/pkg/gateway/sessionserver/start.go:1094.2,1095.16 2 0
github.com/lennylabs/lenny/pkg/gateway/sessionserver/start.go:1095.16,1098.3 2 0
github.com/lennylabs/lenny/pkg/gateway/sessionserver/start.go:1099.2,1100.48 2 0
github.com/lennylabs/lenny/pkg/gateway/sessionserver/start.go:1100.48,1102.3 1 0
github.com/lennylabs/lenny/pkg/gateway/sessionserver/start.go:1103.2,1103.49 1 0
github.com/lennylabs/lenny/pkg/gateway/sessionserver/start.go:1103.49,1104.114 1 0
github.com/lennylabs/lenny/pkg/gateway/sessionserver/start.go:1104.114,1107.4 2 0
github.com/lennylabs/lenny/pkg/gateway/sessionserver/start.go:1108.3,1109.17 2 0
github.com/lennylabs/lenny/pkg/gateway/sessionserver/start.go:1109.17,1113.4 2 0
github.com/lennylabs/lenny/pkg/gateway/sessionserver/start.go:1114.3,1114.22 1 0
github.com/lennylabs/lenny/pkg/gateway/sessionserver/start.go:1116.2,1116.40 1 0
github.com/lennylabs/lenny/pkg/gateway/sessionserver/start.go:1121.48,1122.35 1 0
github.com/lennylabs/lenny/pkg/gateway/sessionserver/start.go:1122.35,1123.45 1 0
github.com/lennylabs/lenny/pkg/gateway/sessionserver/start.go:1123.45,1125.4 1 0
github.com/lennylabs/lenny/pkg/gateway/sessionserver/start.go:1127.2,1127.14 1 0
github.com/lennylabs/lenny/pkg/gateway/sessionserver/start.go:1137.85,1138.23 1 0
github.com/lennylabs/lenny/pkg/gateway/sessionserver/start.go:1138.23,1140.3 1 0
github.com/lennylabs/lenny/pkg/gateway/sessionserver/start.go:1141.2,1142.99 2 0
github.com/lennylabs/lenny/pkg/gateway/sessionserver/start.go:1142.99,1143.21 1 0
github.com/lennylabs/lenny/pkg/gateway/sessionserver/start.go:1143.21,1145.4 1 0
github.com/lennylabs/lenny/pkg/gateway/sessionserver/start.go:1146.3,1147.17 2 0
github.com/lennylabs/lenny/pkg/gateway/sessionserver/start.go:1147.17,1149.4 1 0
github.com/lennylabs/lenny/pkg/gateway/sessionserver/start.go:1150.3,1150.80 1 0
github.com/lennylabs/lenny/pkg/gateway/sessionserver/start.go:1162.114,1163.24 1 0
github.com/lennylabs/lenny/pkg/gateway/sessionserver/start.go:1163.24,1165.3 1 0
github.com/lennylabs/lenny/pkg/gateway/sessionserver/start.go:1166.2,1168.35 3 0
github.com/lennylabs/lenny/pkg/gateway/sessionserver/start.go:1168.35,1170.28 2 0
github.com/lennylabs/lenny/pkg/gateway/sessionserver/start.go:1170.28,1171.12 1 0
github.com/lennylabs/lenny/pkg/gateway/sessionserver/start.go:1173.3,1175.26 3 0
github.com/lennylabs/lenny/pkg/gateway/sessionserver/start.go:1175.26,1178.12 1 0
github.com/lennylabs/lenny/pkg/gateway/sessionserver/start.go:1180.3,1180.14 1 0
github.com/lennylabs/lenny/pkg/gateway/sessionserver/start.go:1180.14,1182.18 2 0
github.com/lennylabs/lenny/pkg/gateway/sessionserver/start.go:1182.18,1186.5 2 0
github.com/lennylabs/lenny/pkg/gateway/sessionserver/start.go:1187.4,1187.28 1 0
github.com/lennylabs/lenny/pkg/gateway/sessionserver/start.go:1189.3,1189.86 1 0
github.com/lennylabs/lenny/pkg/gateway/sessionserver/start.go:1189.86,1192.4 2 0
github.com/lennylabs/lenny/pkg/gateway/sessionserver/start.go:1194.2,1194.13 1 0
github.com/lennylabs/lenny/pkg/gateway/sessionserver/start.go:1200.90,1202.26 2 0
github.com/lennylabs/lenny/pkg/gateway/sessionserver/start.go:1202.26,1205.3 2 0
github.com/lennylabs/lenny/pkg/gateway/sessionserver/start.go:1206.2,1207.55 2 0
github.com/lennylabs/lenny/pkg/gateway/sessionserver/start.go:1207.55,1212.3 3 0
github.com/lennylabs/lenny/pkg/gateway/sessionserver/start.go:1213.2,1214.67 1 0
github.com/lennylabs/lenny/pkg/gateway/sessionserver/start.go:1220.73,1222.26 2 0
github.com/lennylabs/lenny/pkg/gateway/sessionserver/start.go:1222.26,1225.3 2 0
github.com/lennylabs/lenny/pkg/gateway/sessionserver/start.go:1226.2,1232.27 2 0
github.com/lennylabs/lenny/pkg/gateway/sessionserver/start.go:1232.27,1236.3 2 0
github.com/lennylabs/lenny/pkg/gateway/sessionserver/start.go:1237.2,1238.64 1 0
github.com/lennylabs/lenny/pkg/gateway/sessionserver/start.go:1263.8,1264.43 1 0
github.com/lennylabs/lenny/pkg/gateway/sessionserver/start.go:1264.43,1266.3 1 0
github.com/lennylabs/lenny/pkg/gateway/sessionserver/start.go:1267.2,1268.16 2 0
github.com/lennylabs/lenny/pkg/gateway/sessionserver/start.go:1268.16,1273.3 1 0
github.com/lennylabs/lenny/pkg/gateway/sessionserver/start.go:1274.2,1275.19 2 0
github.com/lennylabs/lenny/pkg/gateway/sessionserver/start.go:1275.19,1277.3 1 0
github.com/lennylabs/lenny/pkg/gateway/sessionserver/start.go:1278.2,1278.28 1 0
github.com/lennylabs/lenny/pkg/gateway/sessionserver/start.go:1278.28,1279.63 1 0
github.com/lennylabs/lenny/pkg/gateway/sessionserver/start.go:1279.63,1290.4 2 0
github.com/lennylabs/lenny/pkg/gateway/sessionserver/start.go:1292.2,1292.23 1 0
github.com/lennylabs/lenny/pkg/gateway/sessionserver/start.go:1292.23,1294.3 1 0
github.com/lennylabs/lenny/pkg/gateway/sessionserver/start.go:1295.2,1295.39 1 0
github.com/lennylabs/lenny/pkg/gateway/sessionserver/start.go:1295.39,1296.35 1 0
github.com/lennylabs/lenny/pkg/gateway/sessionserver/start.go:1296.35,1297.12 1 0
github.com/lennylabs/lenny/pkg/gateway/sessionserver/start.go:1304.3,1314.15 2 0
github.com/lennylabs/lenny/pkg/gateway/sessionserver/start.go:1316.2,1316.13 1 0
github.com/lennylabs/lenny/pkg/gateway/sessionserver/start.go:1322.96,1323.15 1 0
github.com/lennylabs/lenny/pkg/gateway/sessionserver/start.go:1323.15,1325.3 1 0
github.com/lennylabs/lenny/pkg/gateway/sessionserver/start.go:1326.2,1330.3 1 0
github.com/lennylabs/lenny/pkg/gateway/sessionserver/start.go:1345.132,1346.23 1 0
github.com/lennylabs/lenny/pkg/gateway/sessionserver/start.go:1346.23,1348.3 1 0
github.com/lennylabs/lenny/pkg/gateway/sessionserver/start.go:1349.2,1350.16 2 0
github.com/lennylabs/lenny/pkg/gateway/sessionserver/start.go:1350.16,1352.3 1 0
github.com/lennylabs/lenny/pkg/gateway/sessionserver/start.go:1353.2,1353.30 1 0
github.com/lennylabs/lenny/pkg/gateway/sessionserver/start.go:1353.30,1354.60 1 0
github.com/lennylabs/lenny/pkg/gateway/sessionserver/start.go:1354.60,1356.4 1 0
github.com/lennylabs/lenny/pkg/gateway/sessionserver/start.go:1358.2,1358.46 1 0
github.com/lennylabs/lenny/pkg/gateway/sessionserver/start.go:1364.99,1365.20 1 0
github.com/lennylabs/lenny/pkg/gateway/sessionserver/start.go:1365.20,1367.3 1 0
github.com/lennylabs/lenny/pkg/gateway/sessionserver/start.go:1368.2,1369.25 2 0
github.com/lennylabs/lenny/pkg/gateway/sessionserver/start.go:1369.25,1378.3 1 0
github.com/lennylabs/lenny/pkg/gateway/sessionserver/start.go:1379.2,1379.12 1 0
github.com/lennylabs/lenny/pkg/gateway/sessionserver/start.go:1393.101,1401.23 4 0
github.com/lennylabs/lenny/pkg/gateway/sessionserver/start.go:1401.23,1402.80 1 0
github.com/lennylabs/lenny/pkg/gateway/sessionserver/start.go:1402.80,1403.29 1 0
github.com/lennylabs/lenny/pkg/gateway/sessionserver/start.go:1403.29,1404.42 1 0
github.com/lennylabs/lenny/pkg/gateway/sessionserver/start.go:1404.42,1406.6 1 0
github.com/lennylabs/lenny/pkg/gateway/sessionserver/start.go:1407.5,1407.39 1 0
github.com/lennylabs/lenny/pkg/gateway/sessionserver/start.go:1407.39,1409.6 1 0
github.com/lennylabs/lenny/pkg/gateway/sessionserver/start.go:1411.4,1411.36 1 0
github.com/lennylabs/lenny/pkg/gateway/sessionserver/start.go:1411.36,1413.5 1 0
github.com/lennylabs/lenny/pkg/gateway/sessionserver/start.go:1416.2,1420.3 1 0
github.com/lennylabs/lenny/pkg/gateway/sessionserver/start.go:1429.90,1430.23 1 0
github.com/lennylabs/lenny/pkg/gateway/sessionserver/start.go:1430.23,1432.3 1 0
github.com/lennylabs/lenny/pkg/gateway/sessionserver/start.go:1433.2,1434.16 2 0
github.com/lennylabs/lenny/pkg/gateway/sessionserver/start.go:1434.16,1436.3 1 0
github.com/lennylabs/lenny/pkg/gateway/sessionserver/start.go:1437.2,1437.36 1 0
github.com/lennylabs/lenny/pkg/gateway/sessionserver/start.go:1486.112,1493.68 2 0
github.com/lennylabs/lenny/pkg/gateway/sessionserver/start.go:1493.68,1494.10 1 0
github.com/lennylabs/lenny/pkg/gateway/sessionserver/start.go:1495.60,1496.45 1 0
github.com/lennylabs/lenny/pkg/gateway/sessionserver/start.go:1497.61,1498.46 1 0
github.com/lennylabs/lenny/pkg/gateway/sessionserver/start.go:1499.11,1500.14 1 0
github.com/lennylabs/lenny/pkg/gateway/sessionserver/start.go:1503.2,1503.12 1 0
github.com/lennylabs/lenny/pkg/gateway/sessionserver/start.go:1529.144,1530.65 1 0
github.com/lennylabs/lenny/pkg/gateway/sessionserver/start.go:1530.65,1532.3 1 0
github.com/lennylabs/lenny/pkg/gateway/sessionserver/start.go:1538.2,1538.24 1 0
github.com/lennylabs/lenny/pkg/gateway/sessionserver/start.go:1538.24,1540.3 1 0
github.com/lennylabs/lenny/pkg/gateway/sessionserver/start.go:1541.2,1542.16 2 0
github.com/lennylabs/lenny/pkg/gateway/sessionserver/start.go:1542.16,1546.3 1 0
github.com/lennylabs/lenny/pkg/gateway/sessionserver/start.go:1547.2,1548.26 2 0
github.com/lennylabs/lenny/pkg/gateway/sessionserver/start.go:1548.26,1550.3 1 0
github.com/lennylabs/lenny/pkg/gateway/sessionserver/start.go:1551.2,1552.16 2 0
github.com/lennylabs/lenny/pkg/gateway/sessionserver/start.go:1552.16,1556.3 1 0
github.com/lennylabs/lenny/pkg/gateway/sessionserver/start.go:1557.2,1578.84 2 0
github.com/lennylabs/lenny/pkg/gateway/sessionserver/start.go:1578.84,1580.23 2 0
github.com/lennylabs/lenny/pkg/gateway/sessionserver/start.go:1580.23,1582.4 1 0
github.com/lennylabs/lenny/pkg/gateway/sessionserver/start.go:1582.9,1582.38 1 0
github.com/lennylabs/lenny/pkg/gateway/sessionserver/start.go:1582.38,1588.4 1 0
github.com/lennylabs/lenny/pkg/gateway/sessionserver/start.go:1588.9,1588.106 1 0
github.com/lennylabs/lenny/pkg/gateway/sessionserver/start.go:1588.106,1590.4 1 0
github.com/lennylabs/lenny/pkg/gateway/sessionserver/start.go:1590.9,1593.4 2 0
github.com/lennylabs/lenny/pkg/gateway/sessionserver/start.go:1596.2,1597.16 2 0
github.com/lennylabs/lenny/pkg/gateway/sessionserver/start.go:1597.16,1599.3 1 0
github.com/lennylabs/lenny/pkg/gateway/sessionserver/start.go:1600.2,1601.29 2 0
github.com/lennylabs/lenny/pkg/gateway/sessionserver/start.go:1601.29,1603.3 1 0
github.com/lennylabs/lenny/pkg/gateway/sessionserver/start.go:1611.2,1612.95 2 0
github.com/lennylabs/lenny/pkg/gateway/sessionserver/start.go:1612.95,1614.3 1 0
github.com/lennylabs/lenny/pkg/gateway/sessionserver/start.go:1615.2,1620.40 2 0
github.com/lennylabs/lenny/pkg/gateway/sessionserver/start.go:1620.40,1622.58 2 0
github.com/lennylabs/lenny/pkg/gateway/sessionserver/start.go:1622.58,1623.37 1 0
github.com/lennylabs/lenny/pkg/gateway/sessionserver/start.go:1623.37,1625.5 1 0
github.com/lennylabs/lenny/pkg/gateway/sessionserver/start.go:1627.3,1633.5 2 0
github.com/lennylabs/lenny/pkg/gateway/sessionserver/start.go:1636.2,1637.16 2 0
github.com/lennylabs/lenny/pkg/gateway/sessionserver/start.go:1637.16,1639.3 1 0
github.com/lennylabs/lenny/pkg/gateway/sessionserver/start.go:1649.2,1650.47 2 0
github.com/lennylabs/lenny/pkg/gateway/sessionserver/start.go:1650.47,1651.36 1 0
github.com/lennylabs/lenny/pkg/gateway/sessionserver/start.go:1651.36,1653.4 1 0
github.com/lennylabs/lenny/pkg/gateway/sessionserver/start.go:1666.2,1666.47 1 0
github.com/lennylabs/lenny/pkg/gateway/sessionserver/start.go:1666.47,1668.34 2 0
github.com/lennylabs/lenny/pkg/gateway/sessionserver/start.go:1668.34,1669.12 1 0
github.com/lennylabs/lenny/pkg/gateway/sessionserver/start.go:1671.3,1671.68 1 0
github.com/lennylabs/lenny/pkg/gateway/sessionserver/start.go:1671.68,1673.4 1 0
github.com/lennylabs/lenny/pkg/gateway/sessionserver/start.go:1681.2,1681.45 1 0
github.com/lennylabs/lenny/pkg/gateway/sessionserver/start.go:1681.45,1683.10 2 0
github.com/lennylabs/lenny/pkg/gateway/sessionserver/start.go:1683.10,1688.4 1 0
github.com/lennylabs/lenny/pkg/gateway/sessionserver/start.go:1689.3,1689.69 1 0
github.com/lennylabs/lenny/pkg/gateway/sessionserver/start.go:1689.69,1691.4 1 0
github.com/lennylabs/lenny/pkg/gateway/sessionserver/start.go:1693.2,1693.71 1 0
github.com/lennylabs/lenny/pkg/gateway/sessionserver/start.go:1702.49,1704.22 2 0
github.com/lennylabs/lenny/pkg/gateway/sessionserver/start.go:1704.22,1706.3 1 0
github.com/lennylabs/lenny/pkg/gateway/sessionserver/start.go:1707.2,1709.22 3 0
github.com/lennylabs/lenny/pkg/gateway/sessionserver/start.go:1709.22,1710.27 1 0
github.com/lennylabs/lenny/pkg/gateway/sessionserver/start.go:1710.27,1711.12 1 0
github.com/lennylabs/lenny/pkg/gateway/sessionserver/start.go:1713.3,1713.29 1 0
github.com/lennylabs/lenny/pkg/gateway/sessionserver/start.go:1713.29,1714.12 1 0
github.com/lennylabs/lenny/pkg/gateway/sessionserver/start.go:1716.3,1717.23 2 0
github.com/lennylabs/lenny/pkg/gateway/sessionserver/start.go:1719.2,1719.12 1 0
github.com/lennylabs/lenny/pkg/gateway/sessionserver/start.go:1733.48,1738.2 1 0
github.com/lennylabs/lenny/pkg/gateway/sessionserver/start.go:1761.59,1761.78 1 0
github.com/lennylabs/lenny/pkg/gateway/sessionserver/start.go:1781.122,1782.49 1 0
github.com/lennylabs/lenny/pkg/gateway/sessionserver/start.go:1782.49,1791.24 2 0
github.com/lennylabs/lenny/pkg/gateway/sessionserver/start.go:1791.24,1793.4 1 0
github.com/lennylabs/lenny/pkg/gateway/sessionserver/start.go:1795.2,1795.12 1 0
github.com/lennylabs/lenny/pkg/gateway/sessionserver/start.go:1802.42,1803.44 1 0
github.com/lennylabs/lenny/pkg/gateway/sessionserver/start.go:1803.44,1805.3 1 0
github.com/lennylabs/lenny/pkg/gateway/sessionserver/start.go:1806.2,1806.15 1 0
github.com/lennylabs/lenny/pkg/gateway/sessionserver/start.go:1816.85,1818.34 2 0
github.com/lennylabs/lenny/pkg/gateway/sessionserver/start.go:1818.34,1819.21 1 0
github.com/lennylabs/lenny/pkg/gateway/sessionserver/start.go:1819.21,1821.9 2 0
github.com/lennylabs/lenny/pkg/gateway/sessionserver/start.go:1824.2,1828.3 1 0
github.com/lennylabs/lenny/pkg/gateway/sessionserver/start.go:1921.127,1929.16 2 0
github.com/lennylabs/lenny/pkg/gateway/sessionserver/start.go:1929.16,1931.3 1 0
github.com/lennylabs/lenny/pkg/gateway/sessionserver/start.go:1932.2,1936.25 2 0
github.com/lennylabs/lenny/pkg/gateway/sessionserver/start.go:1936.25,1938.3 1 0
github.com/lennylabs/lenny/pkg/gateway/sessionserver/start.go:1948.2,1949.16 2 0
github.com/lennylabs/lenny/pkg/gateway/sessionserver/start.go:1949.16,1951.3 1 0
github.com/lennylabs/lenny/pkg/gateway/sessionserver/start.go:1956.2,1956.70 1 0
github.com/lennylabs/lenny/pkg/gateway/sessionserver/start.go:1956.70,1958.3 1 0
github.com/lennylabs/lenny/pkg/gateway/sessionserver/start.go:1959.2,1971.37 2 0
github.com/lennylabs/lenny/pkg/gateway/sessionserver/start.go:1971.37,1979.63 2 0
github.com/lennylabs/lenny/pkg/gateway/sessionserver/start.go:1979.63,1981.5 1 0
github.com/lennylabs/lenny/pkg/gateway/sessionserver/start.go:1982.3,1982.17 1 0
github.com/lennylabs/lenny/pkg/gateway/sessionserver/start.go:1982.17,1992.43 1 0
github.com/lennylabs/lenny/pkg/gateway/sessionserver/start.go:1992.43,1994.5 1 0
github.com/lennylabs/lenny/pkg/gateway/sessionserver/start.go:1995.4,1995.19 1 0
github.com/lennylabs/lenny/pkg/gateway/sessionserver/start.go:1999.3,2000.154 2 0
github.com/lennylabs/lenny/pkg/gateway/sessionserver/start.go:2006.2,2012.62 2 0
github.com/lennylabs/lenny/pkg/gateway/sessionserver/start.go:2012.62,2014.4 1 0
github.com/lennylabs/lenny/pkg/gateway/sessionserver/start.go:2015.2,2015.16 1 0
github.com/lennylabs/lenny/pkg/gateway/sessionserver/start.go:2015.16,2024.44 1 0
github.com/lennylabs/lenny/pkg/gateway/sessionserver/start.go:2024.44,2026.4 1 0
github.com/lennylabs/lenny/pkg/gateway/sessionserver/start.go:2027.3,2027.18 1 0
github.com/lennylabs/lenny/pkg/gateway/sessionserver/start.go:2034.2,2035.153 2 0
github.com/lennylabs/lenny/pkg/gateway/sessionserver/start.go:2105.156,2118.20 2 0
github.com/lennylabs/lenny/pkg/gateway/sessionserver/start.go:2118.20,2120.3 1 0
github.com/lennylabs/lenny/pkg/gateway/sessionserver/start.go:2120.8,2123.17 3 0
github.com/lennylabs/lenny/pkg/gateway/sessionserver/start.go:2123.17,2125.4 1 0
github.com/lennylabs/lenny/pkg/gateway/sessionserver/start.go:2129.2,2131.16 2 0
github.com/lennylabs/lenny/pkg/gateway/sessionserver/start.go:2131.16,2133.3 1 0
github.com/lennylabs/lenny/pkg/gateway/sessionserver/start.go:2139.2,2139.25 1 0
github.com/lennylabs/lenny/pkg/gateway/sessionserver/start.go:2139.25,2141.3 1 0
github.com/lennylabs/lenny/pkg/gateway/sessionserver/start.go:2152.2,2152.70 1 0
github.com/lennylabs/lenny/pkg/gateway/sessionserver/start.go:2152.70,2154.3 1 0
github.com/lennylabs/lenny/pkg/gateway/sessionserver/start.go:2165.2,2165.85 1 0
github.com/lennylabs/lenny/pkg/gateway/sessionserver/start.go:2165.85,2167.3 1 0
github.com/lennylabs/lenny/pkg/gateway/sessionserver/start.go:2168.2,2172.37 2 0
github.com/lennylabs/lenny/pkg/gateway/sessionserver/start.go:2172.37,2175.3 2 0
github.com/lennylabs/lenny/pkg/gateway/sessionserver/start.go:2176.2,2197.81 2 0
github.com/lennylabs/lenny/pkg/gateway/sessionserver/start.go:2197.81,2204.3 1 0
github.com/lennylabs/lenny/pkg/gateway/sessionserver/start.go:2211.2,2212.61 1 0
github.com/lennylabs/lenny/pkg/gateway/sessionserver/start.go:2212.61,2214.4 1 0
github.com/lennylabs/lenny/pkg/gateway/sessionserver/start.go:2215.2,2215.16 1 0
github.com/lennylabs/lenny/pkg/gateway/sessionserver/start.go:2215.16,2217.3 1 0
github.com/lennylabs/lenny/pkg/gateway/sessionserver/start.go:2221.2,2223.20 3 0
github.com/lennylabs/lenny/pkg/gateway/sessionserver/start.go:2254.134,2259.16 2 0
github.com/lennylabs/lenny/pkg/gateway/sessionserver/start.go:2259.16,2261.3 1 0
github.com/lennylabs/lenny/pkg/gateway/sessionserver/start.go:2268.2,2268.25 1 0
github.com/lennylabs/lenny/pkg/gateway/sessionserver/start.go:2268.25,2270.3 1 0
github.com/lennylabs/lenny/pkg/gateway/sessionserver/start.go:2275.2,2275.70 1 0
github.com/lennylabs/lenny/pkg/gateway/sessionserver/start.go:2275.70,2277.3 1 0
github.com/lennylabs/lenny/pkg/gateway/sessionserver/start.go:2278.2,2286.37 2 0
github.com/lennylabs/lenny/pkg/gateway/sessionserver/start.go:2286.37,2288.18 2 0
github.com/lennylabs/lenny/pkg/gateway/sessionserver/start.go:2288.18,2290.4 1 0
github.com/lennylabs/lenny/pkg/gateway/sessionserver/start.go:2296.3,2296.88 1 0
github.com/lennylabs/lenny/pkg/gateway/sessionserver/start.go:2296.88,2298.4 1 0
github.com/lennylabs/lenny/pkg/gateway/sessionserver/start.go:2299.3,2300.56 2 0
github.com/lennylabs/lenny/pkg/gateway/sessionserver/start.go:2308.2,2309.51 2 0
github.com/lennylabs/lenny/pkg/gateway/sessionserver/start.go:2319.269,2354.2 2 0
github.com/lennylabs/lenny/pkg/gateway/sessionserver/start.go:2361.268,2390.2 1 0
github.com/lennylabs/lenny/pkg/gateway/sessionserver/start.go:2415.180,2416.63 1 0
github.com/lennylabs/lenny/pkg/gateway/sessionserver/start.go:2416.63,2418.3 1 0
github.com/lennylabs/lenny/pkg/gateway/sessionserver/start.go:2419.2,2420.61 1 0
github.com/lennylabs/lenny/pkg/gateway/sessionserver/start.go:2420.61,2422.4 1 0
github.com/lennylabs/lenny/pkg/gateway/sessionserver/start.go:2442.204,2444.23 2 0
github.com/lennylabs/lenny/pkg/gateway/sessionserver/start.go:2444.23,2446.3 1 0
github.com/lennylabs/lenny/pkg/gateway/sessionserver/start.go:2447.2,2448.16 2 0
github.com/lennylabs/lenny/pkg/gateway/sessionserver/start.go:2448.16,2450.3 1 0
github.com/lennylabs/lenny/pkg/gateway/sessionserver/start.go:2451.2,2453.16 3 0
github.com/lennylabs/lenny/pkg/gateway/sessionserver/start.go:2453.16,2455.3 1 0
github.com/lennylabs/lenny/pkg/gateway/sessionserver/start.go:2463.2,2487.20 11 0
github.com/lennylabs/lenny/pkg/gateway/sessionserver/start.go:2510.172,2512.23 2 0
github.com/lennylabs/lenny/pkg/gateway/sessionserver/start.go:2512.23,2514.3 1 0
github.com/lennylabs/lenny/pkg/gateway/sessionserver/start.go:2515.2,2517.16 3 0
github.com/lennylabs/lenny/pkg/gateway/sessionserver/start.go:2517.16,2519.3 1 0
github.com/lennylabs/lenny/pkg/gateway/sessionserver/start.go:2524.2,2526.20 3 0
github.com/lennylabs/lenny/pkg/gateway/sessionserver/start.go:2548.121,2550.2 1 0
github.com/lennylabs/lenny/pkg/gateway/sessionserver/start.go:2577.263,2579.57 2 0
github.com/lennylabs/lenny/pkg/gateway/sessionserver/start.go:2579.57,2581.17 2 0
github.com/lennylabs/lenny/pkg/gateway/sessionserver/start.go:2581.17,2583.4 1 0
github.com/lennylabs/lenny/pkg/gateway/sessionserver/start.go:2586.3,2588.42 1 0
github.com/lennylabs/lenny/pkg/gateway/sessionserver/start.go:2588.42,2590.4 1 0
github.com/lennylabs/lenny/pkg/gateway/sessionserver/start.go:2591.3,2592.28 2 0
github.com/lennylabs/lenny/pkg/gateway/sessionserver/start.go:2592.28,2596.4 1 0
github.com/lennylabs/lenny/pkg/gateway/sessionserver/start.go:2597.3,2604.87 3 0
github.com/lennylabs/lenny/pkg/gateway/sessionserver/start.go:2604.87,2615.24 3 0
github.com/lennylabs/lenny/pkg/gateway/sessionserver/start.go:2615.24,2617.5 1 0
github.com/lennylabs/lenny/pkg/gateway/sessionserver/start.go:2618.4,2618.30 1 0
github.com/lennylabs/lenny/pkg/gateway/sessionserver/start.go:2619.9,2625.4 1 0
github.com/lennylabs/lenny/pkg/gateway/sessionserver/start.go:2628.3,2628.59 1 0
github.com/lennylabs/lenny/pkg/gateway/sessionserver/start.go:2628.59,2629.70 1 0
github.com/lennylabs/lenny/pkg/gateway/sessionserver/start.go:2629.70,2631.5 1 0
github.com/lennylabs/lenny/pkg/gateway/sessionserver/start.go:2632.4,2632.26 1 0
github.com/lennylabs/lenny/pkg/gateway/sessionserver/start.go:2632.26,2634.5 1 0
github.com/lennylabs/lenny/pkg/gateway/sessionserver/start.go:2635.4,2640.24 3 0
github.com/lennylabs/lenny/pkg/gateway/sessionserver/start.go:2640.24,2642.5 1 0
github.com/lennylabs/lenny/pkg/gateway/sessionserver/start.go:2644.3,2644.57 1 0
github.com/lennylabs/lenny/pkg/gateway/sessionserver/start.go:2644.57,2651.4 1 0
github.com/lennylabs/lenny/pkg/gateway/sessionserver/start.go:2654.2,2654.21 1 0
github.com/lennylabs/lenny/pkg/gateway/sessionserver/start.go:2664.86,2665.19 1 0
github.com/lennylabs/lenny/pkg/gateway/sessionserver/start.go:2665.19,2667.3 1 0
github.com/lennylabs/lenny/pkg/gateway/sessionserver/start.go:2668.2,2683.36 4 0
github.com/lennylabs/lenny/pkg/gateway/sessionserver/start.go:2698.74,2699.19 1 0
github.com/lennylabs/lenny/pkg/gateway/sessionserver/start.go:2699.19,2701.3 1 0
github.com/lennylabs/lenny/pkg/gateway/sessionserver/start.go:2702.2,2702.97 1 0
github.com/lennylabs/lenny/pkg/gateway/sessionserver/start.go:2713.119,2714.29 1 0
github.com/lennylabs/lenny/pkg/gateway/sessionserver/start.go:2714.29,2715.15 1 0
github.com/lennylabs/lenny/pkg/gateway/sessionserver/start.go:2715.15,2716.12 1 0
github.com/lennylabs/lenny/pkg/gateway/sessionserver/start.go:2718.3,2730.31 2 0
github.com/lennylabs/lenny/pkg/gateway/sessionserver/start.go:2730.31,2732.4 1 0
github.com/lennylabs/lenny/pkg/gateway/sessionserver/start.go:2733.3,2733.32 1 0
github.com/lennylabs/lenny/pkg/gateway/sessionserver/start.go:2733.32,2735.4 1 0
github.com/lennylabs/lenny/pkg/gateway/sessionserver/start.go:2741.3,2741.24 1 0
github.com/lennylabs/lenny/pkg/gateway/sessionserver/start.go:2741.24,2745.4 3 0
github.com/lennylabs/lenny/pkg/gateway/sessionserver/start.go:2746.3,2747.62 2 0
github.com/lennylabs/lenny/pkg/gateway/sessionserver/start.go:2757.98,2758.25 1 0
github.com/lennylabs/lenny/pkg/gateway/sessionserver/start.go:2758.25,2760.3 1 0
github.com/lennylabs/lenny/pkg/gateway/sessionserver/start.go:2761.2,2762.16 2 0
github.com/lennylabs/lenny/pkg/gateway/sessionserver/start.go:2762.16,2764.3 1 0
github.com/lennylabs/lenny/pkg/gateway/sessionserver/start.go:2765.2,2774.14 3 0
github.com/lennylabs/lenny/pkg/gateway/sessionserver/start.go:2789.105,2790.43 1 0
github.com/lennylabs/lenny/pkg/gateway/sessionserver/start.go:2790.43,2792.3 1 0
github.com/lennylabs/lenny/pkg/gateway/sessionserver/start.go:2793.2,2793.29 1 0
github.com/lennylabs/lenny/pkg/gateway/sessionserver/start.go:2793.29,2799.20 2 0
github.com/lennylabs/lenny/pkg/gateway/sessionserver/start.go:2799.20,2801.4 1 0
github.com/lennylabs/lenny/pkg/gateway/sessionserver/start.go:2804.3,2804.29 1 0
github.com/lennylabs/lenny/pkg/gateway/sessionserver/start.go:2804.29,2806.4 1 0
github.com/lennylabs/lenny/pkg/gateway/sessionserver/start.go:2807.3,2807.26 1 0
github.com/lennylabs/lenny/pkg/gateway/sessionserver/start.go:2807.26,2809.4 1 0
github.com/lennylabs/lenny/pkg/gateway/sessionserver/start.go:2812.3,2812.19 1 0
github.com/lennylabs/lenny/pkg/gateway/sessionserver/start.go:2812.19,2814.4 1 0
github.com/lennylabs/lenny/pkg/gateway/sessionserver/start.go:2815.3,2815.34 1 0
github.com/lennylabs/lenny/pkg/gateway/sessionserver/start.go:2815.34,2817.4 1 0
github.com/lennylabs/lenny/pkg/gateway/sessionserver/start.go:2818.3,2818.33 1 0
github.com/lennylabs/lenny/pkg/gateway/sessionserver/start.go:2818.33,2820.4 1 0
github.com/lennylabs/lenny/pkg/gateway/sessionserver/start.go:2821.3,2822.62 2 0
github.com/lennylabs/lenny/pkg/gateway/sessionserver/start.go:2833.86,2834.41 1 0
github.com/lennylabs/lenny/pkg/gateway/sessionserver/start.go:2834.41,2836.3 1 0
github.com/lennylabs/lenny/pkg/gateway/sessionserver/start.go:2837.2,2838.25 2 0
github.com/lennylabs/lenny/pkg/gateway/sessionserver/start.go:2838.25,2840.3 1 0
github.com/lennylabs/lenny/pkg/gateway/sessionserver/start.go:2840.8,2842.3 1 0
github.com/lennylabs/lenny/pkg/gateway/sessionserver/start.go:2843.2,2843.16 1 0
github.com/lennylabs/lenny/pkg/gateway/sessionserver/start.go:2843.16,2845.3 1 0
github.com/lennylabs/lenny/pkg/gateway/sessionserver/start.go:2879.78,2880.18 1 0
github.com/lennylabs/lenny/pkg/gateway/sessionserver/start.go:2880.18,2882.3 1 0
github.com/lennylabs/lenny/pkg/gateway/sessionserver/start.go:2883.2,2883.24 1 0
github.com/lennylabs/lenny/pkg/gateway/sessionserver/start.go:2883.24,2887.3 1 0
github.com/lennylabs/lenny/pkg/gateway/sessionserver/start.go:2891.2,2892.38 2 0
github.com/lennylabs/lenny/pkg/gateway/sessionserver/start.go:2909.102,2910.40 1 0
github.com/lennylabs/lenny/pkg/gateway/sessionserver/start.go:2910.40,2912.3 1 0
github.com/lennylabs/lenny/pkg/gateway/sessionserver/start.go:2913.2,2913.24 1 0
github.com/lennylabs/lenny/pkg/gateway/sessionserver/start.go:2913.24,2914.98 1 0
github.com/lennylabs/lenny/pkg/gateway/sessionserver/start.go:2914.98,2917.4 1 0
github.com/lennylabs/lenny/pkg/gateway/sessionserver/start.go:2918.3,2918.9 1 0
github.com/lennylabs/lenny/pkg/gateway/sessionserver/start.go:2920.2,2920.86 1 0
github.com/lennylabs/lenny/pkg/gateway/sessionserver/start.go:2920.86,2922.3 1 0
github.com/lennylabs/lenny/pkg/gateway/sessionserver/start.go:2940.92,2942.9 2 0
github.com/lennylabs/lenny/pkg/gateway/sessionserver/start.go:2942.9,2946.3 1 0
github.com/lennylabs/lenny/pkg/gateway/sessionserver/start.go:2947.2,2947.34 1 0
github.com/lennylabs/lenny/pkg/gateway/sessionserver/start.go:2947.34,2949.3 1 0
github.com/lennylabs/lenny/pkg/gateway/sessionserver/start.go:2950.2,2960.27 2 0
github.com/lennylabs/lenny/pkg/gateway/sessionserver/start.go:2960.27,2961.15 1 0
github.com/lennylabs/lenny/pkg/gateway/sessionserver/start.go:2961.15,2966.12 1 0
github.com/lennylabs/lenny/pkg/gateway/sessionserver/start.go:2968.3,2968.61 1 0
github.com/lennylabs/lenny/pkg/gateway/sessionserver/start.go:2986.94,2988.9 2 0
github.com/lennylabs/lenny/pkg/gateway/sessionserver/start.go:2988.9,2990.3 1 0
github.com/lennylabs/lenny/pkg/gateway/sessionserver/start.go:2991.2,2991.37 1 0
github.com/lennylabs/lenny/pkg/gateway/sessionserver/start.go:2991.37,2993.3 1 0
github.com/lennylabs/lenny/pkg/gateway/sessionserver/start.go:2994.2,2995.93 2 0
github.com/lennylabs/lenny/pkg/gateway/sessionserver/start.go:3005.103,3006.25 1 0
github.com/lennylabs/lenny/pkg/gateway/sessionserver/start.go:3006.25,3008.3 1 0
github.com/lennylabs/lenny/pkg/gateway/sessionserver/start.go:3009.2,3009.91 1 0
github.com/lennylabs/lenny/pkg/gateway/sessionserver/start.go:3009.91,3012.3 2 0
github.com/lennylabs/lenny/pkg/gateway/sessionserver/start.go:3013.2,3013.16 1 0
github.com/lennylabs/lenny/pkg/gateway/sessionserver/start.go:3013.16,3015.3 1 0
github.com/lennylabs/lenny/pkg/gateway/sessionserver/start.go:3030.94,3031.16 1 0
github.com/lennylabs/lenny/pkg/gateway/sessionserver/start.go:3031.16,3033.3 1 0
github.com/lennylabs/lenny/pkg/gateway/sessionserver/start.go:3034.2,3034.91 1 0
github.com/lennylabs/lenny/pkg/gateway/sessionserver/start.go:3034.91,3035.30 1 0
github.com/lennylabs/lenny/pkg/gateway/sessionserver/start.go:3035.30,3037.4 1 0
github.com/lennylabs/lenny/pkg/gateway/sessionserver/start.go:3038.3,3038.13 1 0
github.com/lennylabs/lenny/pkg/gateway/sessionserver/start.go:3040.2,3040.16 1 0
github.com/lennylabs/lenny/pkg/gateway/sessionserver/start.go:3040.16,3042.3 1 0
github.com/lennylabs/lenny/pkg/gateway/sessionserver/start.go:3055.81,3056.97 1 0
github.com/lennylabs/lenny/pkg/gateway/sessionserver/start.go:3056.97,3059.3 2 0
github.com/lennylabs/lenny/pkg/gateway/sessionserver/start.go:3060.2,3060.16 1 0
github.com/lennylabs/lenny/pkg/gateway/sessionserver/start.go:3060.16,3063.3 2 0
github.com/lennylabs/lenny/pkg/gateway/sessionserver/start.go:3066.79,3067.97 1 0
github.com/lennylabs/lenny/pkg/gateway/sessionserver/start.go:3067.97,3070.3 2 0
github.com/lennylabs/lenny/pkg/gateway/sessionserver/start.go:3071.2,3071.16 1 0
github.com/lennylabs/lenny/pkg/gateway/sessionserver/start.go:3071.16,3081.3 2 0
github.com/lennylabs/lenny/pkg/gateway/sessionserver/start.go:3097.71,3101.16 4 0
github.com/lennylabs/lenny/pkg/gateway/sessionserver/start.go:3101.16,3102.47 1 0
github.com/lennylabs/lenny/pkg/gateway/sessionserver/start.go:3102.47,3105.4 2 0
github.com/lennylabs/lenny/pkg/gateway/sessionserver/start.go:3106.3,3107.9 2 0
github.com/lennylabs/lenny/pkg/gateway/sessionserver/start.go:3109.2,3112.17 1 0
github.com/lennylabs/lenny/pkg/gateway/sessionserver/start.go:3112.17,3115.3 2 0
github.com/lennylabs/lenny/pkg/gateway/sessionserver/start.go:3135.2,3135.24 1 0
github.com/lennylabs/lenny/pkg/gateway/sessionserver/start.go:3135.24,3136.96 1 0
github.com/lennylabs/lenny/pkg/gateway/sessionserver/start.go:3136.96,3139.4 2 0
github.com/lennylabs/lenny/pkg/gateway/sessionserver/start.go:3139.18,3142.4 2 0
github.com/lennylabs/lenny/pkg/gateway/sessionserver/start.go:3144.2,3145.24 2 0
github.com/lennylabs/lenny/pkg/gateway/sessionserver/start.go:3145.24,3147.17 2 0
github.com/lennylabs/lenny/pkg/gateway/sessionserver/start.go:3147.17,3152.40 1 0
github.com/lennylabs/lenny/pkg/gateway/sessionserver/start.go:3152.40,3154.5 1 0
github.com/lennylabs/lenny/pkg/gateway/sessionserver/start.go:3160.4,3170.10 4 0
github.com/lennylabs/lenny/pkg/gateway/sessionserver/start.go:3172.3,3172.35 1 0
github.com/lennylabs/lenny/pkg/gateway/sessionserver/start.go:3175.2,3175.98 1 0
github.com/lennylabs/lenny/pkg/gateway/sessionserver/start.go:3175.98,3178.3 2 0
github.com/lennylabs/lenny/pkg/gateway/sessionserver/start.go:3179.2,3179.16 1 0
github.com/lennylabs/lenny/pkg/gateway/sessionserver/start.go:3179.16,3182.3 2 0
github.com/lennylabs/lenny/pkg/gateway/sessionserver/start.go:3187.2,3187.38 1 0
github.com/lennylabs/lenny/pkg/gateway/sessionserver/start.go:3187.38,3189.3 1 0
github.com/lennylabs/lenny/pkg/gateway/sessionserver/start.go:3194.2,3194.29 1 0
github.com/lennylabs/lenny/pkg/gateway/sessionserver/start.go:3194.29,3204.3 1 0
github.com/lennylabs/lenny/pkg/gateway/sessionserver/start.go:3208.2,3221.37 3 0
github.com/lennylabs/lenny/pkg/gateway/sessionserver/start.go:3221.37,3222.98 1 0
github.com/lennylabs/lenny/pkg/gateway/sessionserver/start.go:3222.98,3227.4 1 0
github.com/lennylabs/lenny/pkg/gateway/sessionserver/start.go:3238.2,3248.43 5 0
github.com/lennylabs/lenny/pkg/gateway/sessionserver/start.go:3261.95,3262.35 1 0
github.com/lennylabs/lenny/pkg/gateway/sessionserver/start.go:3262.35,3263.89 1 0
github.com/lennylabs/lenny/pkg/gateway/sessionserver/start.go:3263.89,3266.4 2 0
github.com/lennylabs/lenny/pkg/gateway/sessionserver/start.go:3266.19,3268.4 1 0
github.com/lennylabs/lenny/pkg/gateway/sessionserver/start.go:3269.3,3269.9 1 0
github.com/lennylabs/lenny/pkg/gateway/sessionserver/start.go:3271.2,3271.34 1 0
github.com/lennylabs/lenny/pkg/gateway/sessionserver/start.go:3300.47,3301.16 1 0
github.com/lennylabs/lenny/pkg/gateway/sessionserver/start.go:3301.16,3303.3 1 0
github.com/lennylabs/lenny/pkg/gateway/sessionserver/start.go:3304.2,3307.9 4 0
github.com/lennylabs/lenny/pkg/gateway/sessionserver/start.go:3308.32,3309.14 1 0
github.com/lennylabs/lenny/pkg/gateway/sessionserver/start.go:3310.35,3311.14 1 0
github.com/lennylabs/lenny/pkg/gateway/sessionserver/start.go:3312.61,3313.14 1 0
github.com/lennylabs/lenny/pkg/gateway/sessionserver/start.go:3314.59,3315.14 1 0
github.com/lennylabs/lenny/pkg/gateway/sessionserver/start.go:3316.45,3317.14 1 0
github.com/lennylabs/lenny/pkg/gateway/sessionserver/start.go:3318.96,3319.14 1 0
github.com/lennylabs/lenny/pkg/gateway/sessionserver/start.go:3320.50,3325.14 1 0
github.com/lennylabs/lenny/pkg/gateway/sessionserver/start.go:3326.34,3330.66 1 0
github.com/lennylabs/lenny/pkg/gateway/sessionserver/start.go:3332.2,3332.14 1 0
github.com/lennylabs/lenny/pkg/gateway/sessionserver/start.go:3346.25,3348.38 2 0
github.com/lennylabs/lenny/pkg/gateway/sessionserver/start.go:3348.38,3350.3 1 0
github.com/lennylabs/lenny/pkg/gateway/sessionserver/start.go:3351.2,3351.23 1 0
github.com/lennylabs/lenny/pkg/gateway/sessionserver/start.go:3351.23,3353.3 1 0
github.com/lennylabs/lenny/pkg/gateway/sessionserver/start.go:3354.2,3355.17 2 0
github.com/lennylabs/lenny/pkg/gateway/sessionserver/start.go:3355.17,3357.3 1 0
github.com/lennylabs/lenny/pkg/gateway/sessionserver/start.go:3358.2,3358.16 1 0
github.com/lennylabs/lenny/pkg/gateway/sessionserver/start.go:3384.89,3385.21 1 0
github.com/lennylabs/lenny/pkg/gateway/sessionserver/start.go:3385.21,3387.3 1 0
github.com/lennylabs/lenny/pkg/gateway/sessionserver/start.go:3388.2,3389.16 2 0
github.com/lennylabs/lenny/pkg/gateway/sessionserver/start.go:3389.16,3391.3 1 0
github.com/lennylabs/lenny/pkg/gateway/sessionserver/start.go:3394.2,3397.26 4 0
github.com/lennylabs/lenny/pkg/gateway/sessionserver/start.go:3397.26,3398.25 1 0
github.com/lennylabs/lenny/pkg/gateway/sessionserver/start.go:3398.25,3401.4 2 0
github.com/lennylabs/lenny/pkg/gateway/sessionserver/start.go:3402.3,3402.38 1 0
github.com/lennylabs/lenny/pkg/gateway/sessionserver/start.go:3402.38,3404.4 1 0
github.com/lennylabs/lenny/pkg/gateway/sessionserver/start.go:3412.2,3414.41 3 0
github.com/lennylabs/lenny/pkg/gateway/sessionserver/start.go:3414.41,3416.76 2 0
github.com/lennylabs/lenny/pkg/gateway/sessionserver/start.go:3416.76,3417.28 1 0
github.com/lennylabs/lenny/pkg/gateway/sessionserver/start.go:3417.28,3418.66 1 0
github.com/lennylabs/lenny/pkg/gateway/sessionserver/start.go:3418.66,3419.14 1 0
github.com/lennylabs/lenny/pkg/gateway/sessionserver/start.go:3421.5,3430.7 2 0
github.com/lennylabs/lenny/pkg/gateway/sessionserver/start.go:3439.2,3439.44 1 0
github.com/lennylabs/lenny/pkg/gateway/sessionserver/start.go:3439.44,3439.88 1 0
github.com/lennylabs/lenny/pkg/gateway/sessionserver/start.go:3440.2,3441.32 2 0
github.com/lennylabs/lenny/pkg/gateway/sessionserver/start.go:3441.32,3442.22 1 0
github.com/lennylabs/lenny/pkg/gateway/sessionserver/start.go:3442.22,3443.12 1 0
github.com/lennylabs/lenny/pkg/gateway/sessionserver/start.go:3445.3,3452.36 2 0
github.com/lennylabs/lenny/pkg/gateway/sessionserver/start.go:3452.36,3454.4 1 0
github.com/lennylabs/lenny/pkg/gateway/sessionserver/start.go:3454.9,3463.4 2 0
github.com/lennylabs/lenny/pkg/gateway/sessionserver/start.go:3464.3,3464.37 1 0
github.com/lennylabs/lenny/pkg/gateway/sessionserver/start.go:3466.2,3466.16 1 0
github.com/lennylabs/lenny/pkg/gateway/sessionserver/start.go:3466.16,3468.3 1 0
github.com/lennylabs/lenny/pkg/gateway/sessionserver/start.go:3469.2,3472.95 2 0
github.com/lennylabs/lenny/pkg/gateway/sessionserver/start.go:3482.95,3483.25 1 0
github.com/lennylabs/lenny/pkg/gateway/sessionserver/start.go:3483.25,3484.69 1 0
github.com/lennylabs/lenny/pkg/gateway/sessionserver/start.go:3484.69,3487.4 2 0
github.com/lennylabs/lenny/pkg/gateway/sessionserver/start.go:3489.2,3489.27 1 0
github.com/lennylabs/lenny/pkg/gateway/sessionserver/start.go:3489.27,3491.37 2 0
github.com/lennylabs/lenny/pkg/gateway/sessionserver/start.go:3491.37,3493.4 1 0
github.com/lennylabs/lenny/pkg/gateway/sessionserver/start.go:3495.2,3495.11 1 0
github.com/lennylabs/lenny/pkg/gateway/sessionserver/start.go:3546.80,3547.90 1 8
github.com/lennylabs/lenny/pkg/gateway/sessionserver/start.go:3547.90,3548.42 1 6
github.com/lennylabs/lenny/pkg/gateway/sessionserver/start.go:3548.42,3550.4 1 2
github.com/lennylabs/lenny/pkg/gateway/sessionserver/start.go:3551.3,3552.13 2 4
github.com/lennylabs/lenny/pkg/gateway/sessionserver/start.go:3554.2,3554.16 1 8
github.com/lennylabs/lenny/pkg/gateway/sessionserver/start.go:3554.16,3556.3 1 4
github.com/lennylabs/lenny/pkg/gateway/sessionserver/start.go:3560.2,3560.29 1 4
github.com/lennylabs/lenny/pkg/gateway/sessionserver/start.go:3560.29,3570.3 1 1
github.com/lennylabs/lenny/pkg/gateway/sessionserver/start.go:3571.2,3572.12 2 4
github.com/lennylabs/lenny/pkg/gateway/sessionserver/start.go:3596.93,3597.69 1 0
github.com/lennylabs/lenny/pkg/gateway/sessionserver/start.go:3597.69,3599.17 2 0
github.com/lennylabs/lenny/pkg/gateway/sessionserver/start.go:3599.17,3601.4 1 0
github.com/lennylabs/lenny/pkg/gateway/sessionserver/start.go:3605.3,3606.17 2 0
github.com/lennylabs/lenny/pkg/gateway/sessionserver/start.go:3606.17,3608.4 1 0
github.com/lennylabs/lenny/pkg/gateway/sessionserver/start.go:3609.3,3614.20 2 0
github.com/lennylabs/lenny/pkg/gateway/sessionserver/start.go:3614.20,3616.4 1 0
github.com/lennylabs/lenny/pkg/gateway/sessionserver/start.go:3617.3,3617.88 1 0
github.com/lennylabs/lenny/pkg/gateway/sessionserver/start.go:3617.88,3619.4 1 0
github.com/lennylabs/lenny/pkg/gateway/sessionserver/start.go:3620.3,3620.17 1 0
github.com/lennylabs/lenny/pkg/gateway/sessionserver/start.go:3625.2,3627.16 2 0
github.com/lennylabs/lenny/pkg/gateway/sessionserver/start.go:3627.16,3629.3 1 0
github.com/lennylabs/lenny/pkg/gateway/sessionserver/start.go:3630.2,3636.34 3 0
github.com/lennylabs/lenny/pkg/gateway/sessionserver/start.go:3636.34,3638.3 1 0
github.com/lennylabs/lenny/pkg/gateway/sessionserver/start.go:3646.2,3669.16 3 0
github.com/lennylabs/lenny/pkg/gateway/sessionserver/start.go:3669.16,3671.3 1 0
github.com/lennylabs/lenny/pkg/gateway/sessionserver/start.go:3672.2,3682.94 3 0
github.com/lennylabs/lenny/pkg/gateway/sessionserver/start.go:3682.94,3684.3 1 0
github.com/lennylabs/lenny/pkg/gateway/sessionserver/start.go:3685.2,3685.25 1 0
github.com/lennylabs/lenny/pkg/gateway/sessionserver/start.go:3702.112,3703.34 1 0
github.com/lennylabs/lenny/pkg/gateway/sessionserver/start.go:3703.34,3705.3 1 0
github.com/lennylabs/lenny/pkg/gateway/sessionserver/start.go:3716.2,3717.34 2 0
github.com/lennylabs/lenny/pkg/gateway/sessionserver/start.go:3717.34,3719.3 1 0
github.com/lennylabs/lenny/pkg/gateway/sessionserver/start.go:3720.2,3721.24 2 0
github.com/lennylabs/lenny/pkg/gateway/sessionserver/start.go:3721.24,3726.3 1 0
github.com/lennylabs/lenny/pkg/gateway/sessionserver/start.go:3727.2,3728.16 2 0
github.com/lennylabs/lenny/pkg/gateway/sessionserver/start.go:3728.16,3731.3 2 0
github.com/lennylabs/lenny/pkg/gateway/sessionserver/start.go:3732.2,3732.116 1 0
github.com/lennylabs/lenny/pkg/gateway/sessionserver/start.go:3732.116,3740.3 1 0
github.com/lennylabs/lenny/pkg/gateway/sessionserver/start.go:3744.2,3745.12 2 0
github.com/lennylabs/lenny/pkg/gateway/sessionserver/start.go:3765.102,3766.34 1 0
github.com/lennylabs/lenny/pkg/gateway/sessionserver/start.go:3766.34,3768.3 1 0
github.com/lennylabs/lenny/pkg/gateway/sessionserver/start.go:3769.2,3770.45 2 0
github.com/lennylabs/lenny/pkg/gateway/sessionserver/start.go:3770.45,3772.3 1 0
github.com/lennylabs/lenny/pkg/gateway/sessionserver/start.go:3773.2,3773.28 1 0
github.com/lennylabs/lenny/pkg/gateway/sessionserver/start.go:3784.139,3785.34 1 0
github.com/lennylabs/lenny/pkg/gateway/sessionserver/start.go:3785.34,3787.3 1 0
github.com/lennylabs/lenny/pkg/gateway/sessionserver/start.go:3788.2,3789.77 2 0
github.com/lennylabs/lenny/pkg/gateway/sessionserver/start.go:3789.77,3791.3 1 0
github.com/lennylabs/lenny/pkg/gateway/sessionserver/start.go:3797.2,3798.17 2 0
github.com/lennylabs/lenny/pkg/gateway/sessionserver/start.go:3798.17,3802.3 2 0
github.com/lennylabs/lenny/pkg/gateway/sessionserver/start.go:3803.2,3803.24 1 0
github.com/lennylabs/lenny/pkg/gateway/sessionserver/start.go:3834.100,3835.58 1 0
github.com/lennylabs/lenny/pkg/gateway/sessionserver/start.go:3835.58,3837.3 1 0
github.com/lennylabs/lenny/pkg/gateway/sessionserver/start.go:3838.2,3838.117 1 0
github.com/lennylabs/lenny/pkg/gateway/sessionserver/start.go:3851.120,3852.39 1 0
github.com/lennylabs/lenny/pkg/gateway/sessionserver/start.go:3852.39,3854.3 1 0
github.com/lennylabs/lenny/pkg/gateway/sessionserver/start.go:3855.2,3856.18 2 0
github.com/lennylabs/lenny/pkg/gateway/sessionserver/start.go:3856.18,3858.3 1 0
github.com/lennylabs/lenny/pkg/gateway/sessionserver/start.go:3859.2,3859.16 1 0
github.com/lennylabs/lenny/pkg/gateway/sessionserver/start.go:3859.16,3861.3 1 0
github.com/lennylabs/lenny/pkg/gateway/sessionserver/start.go:3862.2,3862.12 1 0
github.com/lennylabs/lenny/pkg/gateway/sessionserver/start.go:3889.102,3890.34 1 0
github.com/lennylabs/lenny/pkg/gateway/sessionserver/start.go:3890.34,3892.24 2 0
github.com/lennylabs/lenny/pkg/gateway/sessionserver/start.go:3892.24,3894.4 1 0
github.com/lennylabs/lenny/pkg/gateway/sessionserver/start.go:3896.2,3896.36 1 0
github.com/lennylabs/lenny/pkg/gateway/sessionserver/start.go:3896.36,3898.24 2 0
github.com/lennylabs/lenny/pkg/gateway/sessionserver/start.go:3898.24,3900.4 1 0
github.com/lennylabs/lenny/pkg/gateway/sessionserver/start.go:3902.2,3902.30 1 0
github.com/lennylabs/lenny/pkg/gateway/sessionserver/start.go:3922.108,3923.21 1 0
github.com/lennylabs/lenny/pkg/gateway/sessionserver/start.go:3923.21,3925.3 1 0
github.com/lennylabs/lenny/pkg/gateway/sessionserver/start.go:3926.2,3930.66 2 0
github.com/lennylabs/lenny/pkg/gateway/sessionserver/start.go:3939.55,3947.16 4 0
github.com/lennylabs/lenny/pkg/gateway/sessionserver/start.go:3947.16,3949.3 1 0
github.com/lennylabs/lenny/pkg/gateway/sessionserver/start.go:3950.2,3950.19 1 0
github.com/lennylabs/lenny/pkg/gateway/sessionserver/start.go:3965.129,3967.16 2 0
github.com/lennylabs/lenny/pkg/gateway/sessionserver/start.go:3967.16,3969.3 1 0
github.com/lennylabs/lenny/pkg/gateway/sessionserver/start.go:3970.2,3973.26 4 0
github.com/lennylabs/lenny/pkg/gateway/sessionserver/start.go:3973.26,3974.25 1 0
github.com/lennylabs/lenny/pkg/gateway/sessionserver/start.go:3974.25,3977.4 2 0
github.com/lennylabs/lenny/pkg/gateway/sessionserver/start.go:3978.3,3978.38 1 0
github.com/lennylabs/lenny/pkg/gateway/sessionserver/start.go:3978.38,3980.4 1 0
github.com/lennylabs/lenny/pkg/gateway/sessionserver/start.go:3983.2,3986.41 4 0
github.com/lennylabs/lenny/pkg/gateway/sessionserver/start.go:3986.41,3988.76 2 0
github.com/lennylabs/lenny/pkg/gateway/sessionserver/start.go:3988.76,3989.28 1 0
github.com/lennylabs/lenny/pkg/gateway/sessionserver/start.go:3989.28,3990.66 1 0
github.com/lennylabs/lenny/pkg/gateway/sessionserver/start.go:3990.66,3991.14 1 0
github.com/lennylabs/lenny/pkg/gateway/sessionserver/start.go:3999.5,3999.68 1 0
github.com/lennylabs/lenny/pkg/gateway/sessionserver/start.go:3999.68,4000.14 1 0
github.com/lennylabs/lenny/pkg/gateway/sessionserver/start.go:4002.5,4009.7 3 0
github.com/lennylabs/lenny/pkg/gateway/sessionserver/start.go:4014.2,4014.44 1 0
github.com/lennylabs/lenny/pkg/gateway/sessionserver/start.go:4014.44,4014.88 1 0
github.com/lennylabs/lenny/pkg/gateway/sessionserver/start.go:4015.2,4016.32 2 0
github.com/lennylabs/lenny/pkg/gateway/sessionserver/start.go:4016.32,4017.55 1 0
github.com/lennylabs/lenny/pkg/gateway/sessionserver/start.go:4017.55,4018.12 1 0
github.com/lennylabs/lenny/pkg/gateway/sessionserver/start.go:4020.3,4029.5 2 0
github.com/lennylabs/lenny/pkg/gateway/sessionserver/start.go:4031.2,4031.37 1 0
github.com/lennylabs/lenny/pkg/gateway/sessionserver/start.go:4031.37,4033.3 1 0
github.com/lennylabs/lenny/pkg/gateway/sessionserver/start.go:4034.2,4037.16 2 0
github.com/lennylabs/lenny/pkg/gateway/sessionserver/start.go:4037.16,4039.3 1 0
github.com/lennylabs/lenny/pkg/gateway/sessionserver/start.go:4040.2,4040.19 1 0
github.com/lennylabs/lenny/pkg/gateway/sessionserver/start.go:4072.114,4073.91 1 0
github.com/lennylabs/lenny/pkg/gateway/sessionserver/start.go:4073.91,4076.3 2 0
github.com/lennylabs/lenny/pkg/gateway/sessionserver/start.go:4077.2,4077.16 1 0
github.com/lennylabs/lenny/pkg/gateway/sessionserver/start.go:4077.16,4080.3 2 0
github.com/lennylabs/lenny/pkg/gateway/sessionserver/start.go:4081.2,4081.13 1 0
github.com/lennylabs/lenny/pkg/gateway/sessionserver/start.go:4105.105,4106.97 1 0
github.com/lennylabs/lenny/pkg/gateway/sessionserver/start.go:4106.97,4109.26 3 0
github.com/lennylabs/lenny/pkg/gateway/sessionserver/start.go:4109.26,4111.4 1 0
github.com/lennylabs/lenny/pkg/gateway/sessionserver/start.go:4112.3,4112.13 1 0
github.com/lennylabs/lenny/pkg/gateway/sessionserver/start.go:4114.2,4114.16 1 0
github.com/lennylabs/lenny/pkg/gateway/sessionserver/start.go:4114.16,4117.3 2 0
github.com/lennylabs/lenny/pkg/gateway/sessionserver/start.go:4118.2,4118.36 1 0
github.com/lennylabs/lenny/pkg/gateway/sessionserver/start.go:4130.84,4131.20 1 0
github.com/lennylabs/lenny/pkg/gateway/sessionserver/start.go:4131.20,4133.3 1 0
github.com/lennylabs/lenny/pkg/gateway/sessionserver/start.go:4134.2,4134.39 1 0
github.com/lennylabs/lenny/pkg/gateway/sessionserver/start.go:4134.39,4136.3 1 0
github.com/lennylabs/lenny/pkg/gateway/sessionserver/start.go:4137.2,4137.29 1 0
github.com/lennylabs/lenny/pkg/gateway/sessionserver/start.go:4137.29,4139.3 1 0
github.com/lennylabs/lenny/pkg/gateway/sessionserver/start.go:4140.2,4146.4 2 0
github.com/lennylabs/lenny/pkg/gateway/sessionserver/start.go:4154.79,4155.20 1 0
github.com/lennylabs/lenny/pkg/gateway/sessionserver/start.go:4155.20,4157.3 1 0
github.com/lennylabs/lenny/pkg/gateway/sessionserver/start.go:4158.2,4158.31 1 0
github.com/lennylabs/lenny/pkg/gateway/sessionserver/start.go:4158.31,4159.27 1 0
github.com/lennylabs/lenny/pkg/gateway/sessionserver/start.go:4159.27,4161.4 1 0
github.com/lennylabs/lenny/pkg/gateway/sessionserver/start.go:4162.3,4162.12 1 0
github.com/lennylabs/lenny/pkg/gateway/sessionserver/start.go:4164.2,4166.23 3 0
github.com/lennylabs/lenny/pkg/gateway/sessionserver/start.go:4166.23,4168.3 1 0
github.com/lennylabs/lenny/pkg/gateway/sessionserver/start.go:4169.2,4170.69 1 0
github.com/lennylabs/lenny/pkg/gateway/sessionserver/start.go:4179.84,4181.24 2 0
github.com/lennylabs/lenny/pkg/gateway/sessionserver/start.go:4181.24,4183.3 1 0
github.com/lennylabs/lenny/pkg/gateway/sessionserver/start.go:4184.2,4184.30 1 0
github.com/lennylabs/lenny/pkg/gateway/sessionserver/start.go:4184.30,4186.3 1 0
github.com/lennylabs/lenny/pkg/gateway/sessionserver/start.go:4187.2,4187.29 1 0
github.com/lennylabs/lenny/pkg/gateway/sessionserver/start.go:4187.29,4198.3 1 0
github.com/lennylabs/lenny/pkg/gateway/sessionserver/targetingbreaker.go:57.119,58.16 1 59
github.com/lennylabs/lenny/pkg/gateway/sessionserver/targetingbreaker.go:58.16,60.3 1 0
github.com/lennylabs/lenny/pkg/gateway/sessionserver/targetingbreaker.go:61.2,65.3 1 59
github.com/lennylabs/lenny/pkg/gateway/sessionserver/targetingbreaker.go:68.51,68.90 1 0
github.com/lennylabs/lenny/pkg/gateway/sessionserver/targetingbreaker.go:70.90,73.14 3 0
github.com/lennylabs/lenny/pkg/gateway/sessionserver/targetingbreaker.go:73.14,76.3 2 0
github.com/lennylabs/lenny/pkg/gateway/sessionserver/targetingbreaker.go:77.2,77.10 1 0
github.com/lennylabs/lenny/pkg/gateway/sessionserver/targetingbreaker.go:80.71,81.23 1 0
github.com/lennylabs/lenny/pkg/gateway/sessionserver/targetingbreaker.go:81.23,83.3 1 0
github.com/lennylabs/lenny/pkg/gateway/sessionserver/targetingbreaker.go:91.66,92.14 1 0
github.com/lennylabs/lenny/pkg/gateway/sessionserver/targetingbreaker.go:92.14,94.3 1 0
github.com/lennylabs/lenny/pkg/gateway/sessionserver/targetingbreaker.go:95.2,98.17 4 0
github.com/lennylabs/lenny/pkg/gateway/sessionserver/targetingbreaker.go:99.19,100.35 1 0
github.com/lennylabs/lenny/pkg/gateway/sessionserver/targetingbreaker.go:100.35,104.4 2 0
github.com/lennylabs/lenny/pkg/gateway/sessionserver/targetingbreaker.go:105.3,105.15 1 0
github.com/lennylabs/lenny/pkg/gateway/sessionserver/targetingbreaker.go:106.23,108.15 1 0
github.com/lennylabs/lenny/pkg/gateway/sessionserver/targetingbreaker.go:109.10,110.14 1 0
github.com/lennylabs/lenny/pkg/gateway/sessionserver/targetingbreaker.go:119.102,120.14 1 0
github.com/lennylabs/lenny/pkg/gateway/sessionserver/targetingbreaker.go:120.14,122.3 1 0
github.com/lennylabs/lenny/pkg/gateway/sessionserver/targetingbreaker.go:123.2,128.13 5 0
github.com/lennylabs/lenny/pkg/gateway/sessionserver/targetingbreaker.go:128.13,130.31 2 0
github.com/lennylabs/lenny/pkg/gateway/sessionserver/targetingbreaker.go:130.31,134.4 3 0
github.com/lennylabs/lenny/pkg/gateway/sessionserver/targetingbreaker.go:135.3,135.9 1 0
github.com/lennylabs/lenny/pkg/gateway/sessionserver/targetingbreaker.go:138.2,138.17 1 0
github.com/lennylabs/lenny/pkg/gateway/sessionserver/targetingbreaker.go:139.23,145.9 5 0
github.com/lennylabs/lenny/pkg/gateway/sessionserver/targetingbreaker.go:146.19,149.9 1 0
github.com/lennylabs/lenny/pkg/gateway/sessionserver/targetingbreaker.go:153.2,155.32 3 0
github.com/lennylabs/lenny/pkg/gateway/sessionserver/targetingbreaker.go:155.32,156.24 1 0
github.com/lennylabs/lenny/pkg/gateway/sessionserver/targetingbreaker.go:156.24,158.4 1 0
github.com/lennylabs/lenny/pkg/gateway/sessionserver/targetingbreaker.go:160.2,161.37 2 0
github.com/lennylabs/lenny/pkg/gateway/sessionserver/targetingbreaker.go:161.37,166.3 4 0
github.com/lennylabs/lenny/pkg/gateway/sessionserver/taskrecord.go:30.103,31.26 1 0
github.com/lennylabs/lenny/pkg/gateway/sessionserver/taskrecord.go:31.26,33.3 1 0
github.com/lennylabs/lenny/pkg/gateway/sessionserver/taskrecord.go:34.2,42.16 3 0
github.com/lennylabs/lenny/pkg/gateway/sessionserver/taskrecord.go:42.16,44.3 1 0
github.com/lennylabs/lenny/pkg/gateway/sessionserver/taskrecord.go:45.2,46.28 2 0
github.com/lennylabs/lenny/pkg/gateway/sessionserver/taskrecord.go:46.28,48.23 2 0
github.com/lennylabs/lenny/pkg/gateway/sessionserver/taskrecord.go:48.23,50.4 1 0
github.com/lennylabs/lenny/pkg/gateway/sessionserver/taskrecord.go:51.3,55.38 2 0
github.com/lennylabs/lenny/pkg/gateway/sessionserver/taskrecord.go:55.38,57.4 1 0
github.com/lennylabs/lenny/pkg/gateway/sessionserver/taskrecord.go:61.2,61.53 1 0
github.com/lennylabs/lenny/pkg/gateway/sessionserver/taskrecord.go:61.53,63.3 1 0
github.com/lennylabs/lenny/pkg/gateway/sessionserver/taskrecord.go:67.2,67.24 1 0
github.com/lennylabs/lenny/pkg/gateway/sessionserver/taskrecord.go:67.24,70.3 2 0
github.com/lennylabs/lenny/pkg/gateway/sessionserver/taskrecord.go:71.2,71.12 1 0
github.com/lennylabs/lenny/pkg/gateway/sessionserver/toolapproval.go:61.209,62.16 1 0
github.com/lennylabs/lenny/pkg/gateway/sessionserver/toolapproval.go:62.16,64.3 1 0
github.com/lennylabs/lenny/pkg/gateway/sessionserver/toolapproval.go:65.2,72.3 1 0
github.com/lennylabs/lenny/pkg/gateway/sessionserver/toolapproval.go:76.157,77.45 1 0
github.com/lennylabs/lenny/pkg/gateway/sessionserver/toolapproval.go:77.45,79.3 1 0
github.com/lennylabs/lenny/pkg/gateway/sessionserver/toolapproval.go:84.2,85.16 2 0
github.com/lennylabs/lenny/pkg/gateway/sessionserver/toolapproval.go:85.16,87.3 1 0
github.com/lennylabs/lenny/pkg/gateway/sessionserver/toolapproval.go:92.2,93.16 2 0
github.com/lennylabs/lenny/pkg/gateway/sessionserver/toolapproval.go:93.16,95.3 1 0
github.com/lennylabs/lenny/pkg/gateway/sessionserver/toolapproval.go:97.2,98.29 2 0
github.com/lennylabs/lenny/pkg/gateway/sessionserver/toolapproval.go:98.29,100.3 1 0
github.com/lennylabs/lenny/pkg/gateway/sessionserver/toolapproval.go:101.2,101.23 1 0
github.com/lennylabs/lenny/pkg/gateway/sessionserver/toolapproval.go:101.23,103.3 1 0
github.com/lennylabs/lenny/pkg/gateway/sessionserver/toolapproval.go:104.2,113.17 1 0
github.com/lennylabs/lenny/pkg/gateway/sessionserver/toolapproval.go:113.17,116.3 2 0
github.com/lennylabs/lenny/pkg/gateway/sessionserver/toolapproval.go:119.2,122.19 3 0
github.com/lennylabs/lenny/pkg/gateway/sessionserver/toolapproval.go:122.19,126.3 3 0
github.com/lennylabs/lenny/pkg/gateway/sessionserver/toolapproval.go:138.2,140.6 3 0
github.com/lennylabs/lenny/pkg/gateway/sessionserver/toolapproval.go:140.6,141.10 1 0
github.com/lennylabs/lenny/pkg/gateway/sessionserver/toolapproval.go:142.22,143.11 1 0
github.com/lennylabs/lenny/pkg/gateway/sessionserver/toolapproval.go:143.11,147.5 1 0
github.com/lennylabs/lenny/pkg/gateway/sessionserver/toolapproval.go:148.4,148.81 1 0
github.com/lennylabs/lenny/pkg/gateway/sessionserver/toolapproval.go:149.19,151.86 2 0
github.com/lennylabs/lenny/pkg/gateway/sessionserver/toolapproval.go:152.21,154.49 2 0
github.com/lennylabs/lenny/pkg/gateway/sessionserver/toolapproval.go:155.19,157.18 2 0
github.com/lennylabs/lenny/pkg/gateway/sessionserver/toolapproval.go:157.18,160.5 2 0
github.com/lennylabs/lenny/pkg/gateway/sessionserver/toolapproval.go:161.4,161.10 1 0
github.com/lennylabs/lenny/pkg/gateway/sessionserver/toolapproval.go:161.10,164.5 2 0
github.com/lennylabs/lenny/pkg/gateway/sessionserver/toolapproval.go:180.149,182.16 2 0
github.com/lennylabs/lenny/pkg/gateway/sessionserver/toolapproval.go:182.16,183.51 1 0
github.com/lennylabs/lenny/pkg/gateway/sessionserver/toolapproval.go:183.51,185.4 1 0
github.com/lennylabs/lenny/pkg/gateway/sessionserver/toolapproval.go:186.3,186.110 1 0
github.com/lennylabs/lenny/pkg/gateway/sessionserver/toolapproval.go:188.2,188.19 1 0
github.com/lennylabs/lenny/pkg/gateway/sessionserver/toolapproval.go:189.38,190.82 1 0
github.com/lennylabs/lenny/pkg/gateway/sessionserver/toolapproval.go:191.36,192.83 1 0
github.com/lennylabs/lenny/pkg/gateway/sessionserver/toolapproval.go:193.39,197.19 2 0
github.com/lennylabs/lenny/pkg/gateway/sessionserver/toolapproval.go:197.19,199.4 1 0
github.com/lennylabs/lenny/pkg/gateway/sessionserver/toolapproval.go:200.3,200.79 1 0
github.com/lennylabs/lenny/pkg/gateway/sessionserver/toolapproval.go:201.10,202.49 1 0
github.com/lennylabs/lenny/pkg/gateway/sessionserver/toolapproval.go:208.104,209.21 1 0
github.com/lennylabs/lenny/pkg/gateway/sessionserver/toolapproval.go:209.21,211.3 1 0
github.com/lennylabs/lenny/pkg/gateway/sessionserver/toolapproval.go:212.2,224.16 3 0
github.com/lennylabs/lenny/pkg/gateway/sessionserver/toolapproval.go:224.16,226.3 1 0
github.com/lennylabs/lenny/pkg/gateway/sessionserver/toolapproval.go:227.2,227.99 1 0
github.com/lennylabs/lenny/pkg/gateway/sessionserver/tree.go:99.69,104.16 4 0
github.com/lennylabs/lenny/pkg/gateway/sessionserver/tree.go:104.16,105.47 1 0
github.com/lennylabs/lenny/pkg/gateway/sessionserver/tree.go:105.47,108.4 2 0
github.com/lennylabs/lenny/pkg/gateway/sessionserver/tree.go:109.3,110.9 2 0
github.com/lennylabs/lenny/pkg/gateway/sessionserver/tree.go:118.2,119.25 2 0
github.com/lennylabs/lenny/pkg/gateway/sessionserver/tree.go:119.25,121.3 1 0
github.com/lennylabs/lenny/pkg/gateway/sessionserver/tree.go:122.2,123.16 2 0
github.com/lennylabs/lenny/pkg/gateway/sessionserver/tree.go:123.16,126.3 2 0
github.com/lennylabs/lenny/pkg/gateway/sessionserver/tree.go:127.2,128.27 2 0
github.com/lennylabs/lenny/pkg/gateway/sessionserver/tree.go:128.27,129.33 1 0
github.com/lennylabs/lenny/pkg/gateway/sessionserver/tree.go:129.33,131.4 1 0
github.com/lennylabs/lenny/pkg/gateway/sessionserver/tree.go:136.2,147.75 6 0
github.com/lennylabs/lenny/pkg/gateway/sessionserver/tree.go:172.164,181.19 3 0
github.com/lennylabs/lenny/pkg/gateway/sessionserver/tree.go:181.19,182.27 1 0
github.com/lennylabs/lenny/pkg/gateway/sessionserver/tree.go:182.27,189.4 1 0
github.com/lennylabs/lenny/pkg/gateway/sessionserver/tree.go:190.3,190.14 1 0
github.com/lennylabs/lenny/pkg/gateway/sessionserver/tree.go:192.2,193.50 2 0
github.com/lennylabs/lenny/pkg/gateway/sessionserver/tree.go:193.50,197.53 1 0
github.com/lennylabs/lenny/pkg/gateway/sessionserver/tree.go:197.53,198.12 1 0
github.com/lennylabs/lenny/pkg/gateway/sessionserver/tree.go:200.3,200.99 1 0
github.com/lennylabs/lenny/pkg/gateway/sessionserver/tree.go:202.2,202.13 1 0
github.com/lennylabs/lenny/pkg/gateway/sessionserver/treerecovery.go:28.99,29.54 1 0
github.com/lennylabs/lenny/pkg/gateway/sessionserver/treerecovery.go:29.54,31.3 1 0
github.com/lennylabs/lenny/pkg/gateway/sessionserver/treerecovery.go:36.2,36.96 1 0
github.com/lennylabs/lenny/pkg/gateway/sessionserver/treerecovery.go:36.96,37.37 1 0
github.com/lennylabs/lenny/pkg/gateway/sessionserver/treerecovery.go:37.37,39.4 1 0
github.com/lennylabs/lenny/pkg/gateway/sessionserver/treerecovery.go:40.3,40.13 1 0
github.com/lennylabs/lenny/pkg/gateway/sessionserver/treerecovery.go:42.2,42.12 1 0
github.com/lennylabs/lenny/pkg/gateway/sessionserver/treerecovery.go:55.104,56.45 1 0
github.com/lennylabs/lenny/pkg/gateway/sessionserver/treerecovery.go:56.45,59.3 2 0
github.com/lennylabs/lenny/pkg/gateway/sessionserver/treerecovery.go:60.2,60.46 1 0
github.com/lennylabs/lenny/pkg/gateway/sessionserver/treerecovery.go:72.68,73.26 1 0
github.com/lennylabs/lenny/pkg/gateway/sessionserver/treerecovery.go:73.26,75.3 1 0
github.com/lennylabs/lenny/pkg/gateway/sessionserver/treerecovery.go:76.2,77.14 2 0
github.com/lennylabs/lenny/pkg/gateway/sessionserver/treerecovery.go:89.89,90.43 1 0
github.com/lennylabs/lenny/pkg/gateway/sessionserver/treerecovery.go:90.43,92.3 1 0
github.com/lennylabs/lenny/pkg/gateway/sessionserver/treerecovery.go:93.2,94.12 2 0
github.com/lennylabs/lenny/pkg/gateway/sessionserver/treerecovery.go:94.12,95.78 1 0
github.com/lennylabs/lenny/pkg/gateway/sessionserver/treerecovery.go:95.78,97.4 1 0
github.com/lennylabs/lenny/pkg/gateway/sessionserver/treerecovery.go:98.3,98.32 1 0
github.com/lennylabs/lenny/pkg/gateway/sessionserver/treerecovery.go:98.32,100.4 1 0
github.com/lennylabs/lenny/pkg/gateway/sessionserver/upload.go:129.71,131.2 1 0
github.com/lennylabs/lenny/pkg/gateway/sessionserver/upload.go:140.78,142.2 1 0
github.com/lennylabs/lenny/pkg/gateway/sessionserver/upload.go:148.85,149.20 1 0
github.com/lennylabs/lenny/pkg/gateway/sessionserver/upload.go:149.20,153.3 2 0
github.com/lennylabs/lenny/pkg/gateway/sessionserver/upload.go:159.2,168.30 5 0
github.com/lennylabs/lenny/pkg/gateway/sessionserver/upload.go:168.30,170.10 2 0
github.com/lennylabs/lenny/pkg/gateway/sessionserver/upload.go:170.10,174.4 2 0
github.com/lennylabs/lenny/pkg/gateway/sessionserver/upload.go:178.3,179.16 2 0
github.com/lennylabs/lenny/pkg/gateway/sessionserver/upload.go:179.16,183.4 3 0
github.com/lennylabs/lenny/pkg/gateway/sessionserver/upload.go:185.2,188.9 3 0
github.com/lennylabs/lenny/pkg/gateway/sessionserver/upload.go:188.9,190.3 1 0
github.com/lennylabs/lenny/pkg/gateway/sessionserver/upload.go:200.2,200.66 1 0
github.com/lennylabs/lenny/pkg/gateway/sessionserver/upload.go:200.66,202.3 1 0
github.com/lennylabs/lenny/pkg/gateway/sessionserver/upload.go:202.8,207.3 2 0
github.com/lennylabs/lenny/pkg/gateway/sessionserver/upload.go:216.2,216.98 1 0
github.com/lennylabs/lenny/pkg/gateway/sessionserver/upload.go:216.98,227.3 3 0
github.com/lennylabs/lenny/pkg/gateway/sessionserver/upload.go:229.2,230.20 2 0
github.com/lennylabs/lenny/pkg/gateway/sessionserver/upload.go:230.20,232.3 1 0
github.com/lennylabs/lenny/pkg/gateway/sessionserver/upload.go:236.2,237.9 2 0
github.com/lennylabs/lenny/pkg/gateway/sessionserver/upload.go:237.9,239.3 1 0
github.com/lennylabs/lenny/pkg/gateway/sessionserver/upload.go:244.2,256.9 6 0
github.com/lennylabs/lenny/pkg/gateway/sessionserver/upload.go:256.9,258.3 1 0
github.com/lennylabs/lenny/pkg/gateway/sessionserver/upload.go:260.2,260.65 1 0
github.com/lennylabs/lenny/pkg/gateway/sessionserver/upload.go:260.65,262.3 1 0
github.com/lennylabs/lenny/pkg/gateway/sessionserver/upload.go:264.2,264.58 1 0
github.com/lennylabs/lenny/pkg/gateway/sessionserver/upload.go:284.133,287.16 3 0
github.com/lennylabs/lenny/pkg/gateway/sessionserver/upload.go:287.16,291.47 1 0
github.com/lennylabs/lenny/pkg/gateway/sessionserver/upload.go:291.47,295.4 3 0
github.com/lennylabs/lenny/pkg/gateway/sessionserver/upload.go:296.3,298.39 3 0
github.com/lennylabs/lenny/pkg/gateway/sessionserver/upload.go:302.2,302.55 1 0
github.com/lennylabs/lenny/pkg/gateway/sessionserver/upload.go:302.55,305.3 2 0
github.com/lennylabs/lenny/pkg/gateway/sessionserver/upload.go:310.2,313.17 1 0
github.com/lennylabs/lenny/pkg/gateway/sessionserver/upload.go:313.17,316.3 2 0
github.com/lennylabs/lenny/pkg/gateway/sessionserver/upload.go:317.2,317.18 1 0
github.com/lennylabs/lenny/pkg/gateway/sessionserver/upload.go:330.269,336.24 2 0
github.com/lennylabs/lenny/pkg/gateway/sessionserver/upload.go:336.24,338.3 1 0
github.com/lennylabs/lenny/pkg/gateway/sessionserver/upload.go:346.2,360.16 4 0
github.com/lennylabs/lenny/pkg/gateway/sessionserver/upload.go:360.16,361.25 1 0
github.com/lennylabs/lenny/pkg/gateway/sessionserver/upload.go:361.25,364.4 1 0
github.com/lennylabs/lenny/pkg/gateway/sessionserver/upload.go:369.3,369.39 1 0
github.com/lennylabs/lenny/pkg/gateway/sessionserver/upload.go:369.39,373.4 2 0
github.com/lennylabs/lenny/pkg/gateway/sessionserver/upload.go:378.3,379.30 2 0
github.com/lennylabs/lenny/pkg/gateway/sessionserver/upload.go:379.30,386.4 3 0
github.com/lennylabs/lenny/pkg/gateway/sessionserver/upload.go:387.3,387.44 1 0
github.com/lennylabs/lenny/pkg/gateway/sessionserver/upload.go:387.44,393.4 2 0
github.com/lennylabs/lenny/pkg/gateway/sessionserver/upload.go:394.3,394.47 1 0
github.com/lennylabs/lenny/pkg/gateway/sessionserver/upload.go:394.47,401.4 2 0
github.com/lennylabs/lenny/pkg/gateway/sessionserver/upload.go:402.3,402.66 1 0
github.com/lennylabs/lenny/pkg/gateway/sessionserver/upload.go:402.66,411.54 2 0
github.com/lennylabs/lenny/pkg/gateway/sessionserver/upload.go:411.54,413.5 1 0
github.com/lennylabs/lenny/pkg/gateway/sessionserver/upload.go:414.4,417.32 2 0
github.com/lennylabs/lenny/pkg/gateway/sessionserver/upload.go:424.3,427.31 4 0
github.com/lennylabs/lenny/pkg/gateway/sessionserver/upload.go:429.2,429.69 1 0
github.com/lennylabs/lenny/pkg/gateway/sessionserver/upload.go:439.173,441.24 2 0
github.com/lennylabs/lenny/pkg/gateway/sessionserver/upload.go:441.24,442.41 1 0
github.com/lennylabs/lenny/pkg/gateway/sessionserver/upload.go:442.41,455.4 5 0
github.com/lennylabs/lenny/pkg/gateway/sessionserver/upload.go:457.3,457.85 1 0
github.com/lennylabs/lenny/pkg/gateway/sessionserver/upload.go:466.2,466.82 1 0
github.com/lennylabs/lenny/pkg/gateway/sessionserver/upload.go:466.82,468.36 2 0
github.com/lennylabs/lenny/pkg/gateway/sessionserver/upload.go:468.36,469.26 1 0
github.com/lennylabs/lenny/pkg/gateway/sessionserver/upload.go:469.26,471.5 1 0
github.com/lennylabs/lenny/pkg/gateway/sessionserver/upload.go:472.4,481.16 4 0
github.com/lennylabs/lenny/pkg/gateway/sessionserver/upload.go:492.2,492.75 1 0
github.com/lennylabs/lenny/pkg/gateway/sessionserver/upload.go:492.75,496.19 1 0
github.com/lennylabs/lenny/pkg/gateway/sessionserver/upload.go:496.19,497.26 1 0
github.com/lennylabs/lenny/pkg/gateway/sessionserver/upload.go:497.26,501.5 1 0
github.com/lennylabs/lenny/pkg/gateway/sessionserver/upload.go:502.4,505.16 3 0
github.com/lennylabs/lenny/pkg/gateway/sessionserver/upload.go:516.2,516.78 1 0
github.com/lennylabs/lenny/pkg/gateway/sessionserver/upload.go:516.78,517.25 1 0
github.com/lennylabs/lenny/pkg/gateway/sessionserver/upload.go:517.25,519.4 1 0
github.com/lennylabs/lenny/pkg/gateway/sessionserver/upload.go:520.3,530.15 4 0
github.com/lennylabs/lenny/pkg/gateway/sessionserver/upload.go:532.2,532.13 1 0
github.com/lennylabs/lenny/pkg/gateway/sessionserver/upload.go:541.159,551.28 2 0
github.com/lennylabs/lenny/pkg/gateway/sessionserver/upload.go:551.28,553.3 1 0
github.com/lennylabs/lenny/pkg/gateway/sessionserver/upload.go:559.2,559.29 1 0
github.com/lennylabs/lenny/pkg/gateway/sessionserver/upload.go:559.29,571.3 1 0
github.com/lennylabs/lenny/pkg/gateway/sessionserver/upload.go:572.2,574.37 3 0
github.com/lennylabs/lenny/pkg/gateway/sessionserver/upload.go:587.70,588.20 1 0
github.com/lennylabs/lenny/pkg/gateway/sessionserver/upload.go:588.20,590.3 1 0
github.com/lennylabs/lenny/pkg/gateway/sessionserver/upload.go:591.2,591.52 1 0
github.com/lennylabs/lenny/pkg/gateway/sessionserver/upload.go:591.52,594.3 2 0
github.com/lennylabs/lenny/pkg/gateway/sessionserver/upload.go:595.2,595.9 1 0
github.com/lennylabs/lenny/pkg/gateway/sessionserver/upload.go:610.79,611.30 1 0
github.com/lennylabs/lenny/pkg/gateway/sessionserver/upload.go:611.30,612.17 1 0
github.com/lennylabs/lenny/pkg/gateway/sessionserver/upload.go:612.18,612.19 0 0
github.com/lennylabs/lenny/pkg/gateway/sessionserver/upload.go:614.2,614.76 1 0
github.com/lennylabs/lenny/pkg/gateway/sessionserver/upload.go:614.76,616.3 1 0
github.com/lennylabs/lenny/pkg/gateway/sessionserver/upload.go:617.2,617.38 1 0
github.com/lennylabs/lenny/pkg/gateway/sessionserver/upload.go:617.38,620.17 1 0
github.com/lennylabs/lenny/pkg/gateway/sessionserver/upload.go:620.18,620.19 0 0
github.com/lennylabs/lenny/pkg/gateway/sessionserver/upload.go:622.2,623.9 2 0
github.com/lennylabs/lenny/pkg/gateway/sessionserver/upload.go:623.9,627.39 1 0
github.com/lennylabs/lenny/pkg/gateway/sessionserver/upload.go:627.39,629.4 1 0
github.com/lennylabs/lenny/pkg/gateway/sessionserver/upload.go:630.3,630.20 1 0
github.com/lennylabs/lenny/pkg/gateway/sessionserver/upload.go:632.2,632.19 1 0
github.com/lennylabs/lenny/pkg/gateway/sessionserver/upload.go:640.49,641.66 1 0
github.com/lennylabs/lenny/pkg/gateway/sessionserver/upload.go:641.66,643.3 1 0
github.com/lennylabs/lenny/pkg/gateway/sessionserver/upload.go:644.2,644.16 1 0
github.com/lennylabs/lenny/pkg/gateway/sessionserver/upload.go:644.16,647.3 2 0
github.com/lennylabs/lenny/pkg/gateway/sessionserver/upload.go:648.2,648.43 1 0
github.com/lennylabs/lenny/pkg/gateway/sessionserver/upload.go:655.39,656.92 1 0
github.com/lennylabs/lenny/pkg/gateway/sessionserver/upload.go:656.92,658.3 1 0
github.com/lennylabs/lenny/pkg/gateway/sessionserver/upload.go:659.2,661.3 1 0
github.com/lennylabs/lenny/pkg/gateway/sessionserver/upload.go:671.95,672.29 1 0
github.com/lennylabs/lenny/pkg/gateway/sessionserver/upload.go:672.29,674.3 1 0
github.com/lennylabs/lenny/pkg/gateway/sessionserver/upload.go:675.2,685.4 1 0
github.com/lennylabs/lenny/pkg/gateway/sessionserver/upload.go:701.121,702.47 1 0
github.com/lennylabs/lenny/pkg/gateway/sessionserver/upload.go:702.47,704.3 1 0
github.com/lennylabs/lenny/pkg/gateway/sessionserver/upload.go:705.2,706.45 2 0
github.com/lennylabs/lenny/pkg/gateway/sessionserver/upload.go:706.45,708.3 1 0
github.com/lennylabs/lenny/pkg/gateway/sessionserver/upload.go:709.2,709.16 1 0
github.com/lennylabs/lenny/pkg/gateway/sessionserver/upload.go:709.16,713.3 2 0
github.com/lennylabs/lenny/pkg/gateway/sessionserver/upload.go:714.2,714.35 1 0
github.com/lennylabs/lenny/pkg/gateway/sessionserver/upload.go:714.35,716.3 1 0
github.com/lennylabs/lenny/pkg/gateway/sessionserver/upload.go:717.2,718.18 2 0
github.com/lennylabs/lenny/pkg/gateway/sessionserver/upload.go:718.18,722.3 2 0
github.com/lennylabs/lenny/pkg/gateway/sessionserver/upload.go:723.2,724.51 2 0
github.com/lennylabs/lenny/pkg/gateway/sessionserver/upload.go:724.51,729.3 2 0
github.com/lennylabs/lenny/pkg/gateway/sessionserver/upload.go:730.2,730.49 1 0
github.com/lennylabs/lenny/pkg/gateway/sessionserver/upload.go:730.49,740.3 2 0
github.com/lennylabs/lenny/pkg/gateway/sessionserver/upload.go:741.2,741.16 1 0
github.com/lennylabs/lenny/pkg/gateway/sessionserver/upload.go:741.16,745.3 2 0
github.com/lennylabs/lenny/pkg/gateway/sessionserver/upload.go:746.2,746.100 1 0
github.com/lennylabs/lenny/pkg/gateway/sessionserver/upload.go:760.69,761.20 1 0
github.com/lennylabs/lenny/pkg/gateway/sessionserver/upload.go:761.20,765.3 2 0
github.com/lennylabs/lenny/pkg/gateway/sessionserver/upload.go:769.2,770.15 2 0
github.com/lennylabs/lenny/pkg/gateway/sessionserver/upload.go:770.15,774.3 2 0
github.com/lennylabs/lenny/pkg/gateway/sessionserver/upload.go:776.2,777.16 2 0
github.com/lennylabs/lenny/pkg/gateway/sessionserver/upload.go:777.16,783.3 2 0
github.com/lennylabs/lenny/pkg/gateway/sessionserver/upload.go:785.2,792.16 3 0
github.com/lennylabs/lenny/pkg/gateway/sessionserver/upload.go:792.16,793.47 1 0
github.com/lennylabs/lenny/pkg/gateway/sessionserver/upload.go:793.47,797.4 2 0
github.com/lennylabs/lenny/pkg/gateway/sessionserver/upload.go:798.3,798.44 1 0
github.com/lennylabs/lenny/pkg/gateway/sessionserver/upload.go:798.44,802.4 2 0
github.com/lennylabs/lenny/pkg/gateway/sessionserver/upload.go:803.3,804.9 2 0
github.com/lennylabs/lenny/pkg/gateway/sessionserver/upload.go:806.2,812.25 6 0
github.com/lennylabs/lenny/pkg/gateway/sessionserver/upload.go:819.77,820.29 1 0
github.com/lennylabs/lenny/pkg/gateway/sessionserver/upload.go:820.29,824.3 1 0
github.com/lennylabs/lenny/pkg/gateway/sessionserver/upload.go:825.2,826.15 2 0
github.com/lennylabs/lenny/pkg/gateway/sessionserver/upload.go:826.15,828.3 1 0
github.com/lennylabs/lenny/pkg/gateway/sessionserver/upload.go:829.2,830.12 2 0
github.com/lennylabs/lenny/pkg/gateway/sessionserver/upload.go:833.74,834.9 1 0
github.com/lennylabs/lenny/pkg/gateway/sessionserver/upload.go:835.46,836.100 1 0
github.com/lennylabs/lenny/pkg/gateway/sessionserver/upload.go:837.54,838.112 1 0
github.com/lennylabs/lenny/pkg/gateway/sessionserver/upload.go:839.47,840.98 1 0
github.com/lennylabs/lenny/pkg/gateway/sessionserver/upload.go:841.10,842.85 1 0
github.com/lennylabs/lenny/pkg/gateway/sessionserver/upload.go:860.53,862.2 1 0
github.com/lennylabs/lenny/pkg/gateway/sessionserver/upload.go:864.54,866.11 2 0
github.com/lennylabs/lenny/pkg/gateway/sessionserver/upload.go:866.11,871.3 2 0
github.com/lennylabs/lenny/pkg/gateway/sessionserver/upload.go:872.2,872.15 1 0
github.com/lennylabs/lenny/pkg/gateway/sessionserver/upload.go:877.47,879.2 1 0
github.com/lennylabs/lenny/pkg/gateway/sessionserver/upload.go:881.34,883.2 1 0
github.com/lennylabs/lenny/pkg/gateway/sessionserver/upload_abort.go:53.52,55.2 1 59
github.com/lennylabs/lenny/pkg/gateway/sessionserver/upload_abort.go:66.89,67.14 1 0
github.com/lennylabs/lenny/pkg/gateway/sessionserver/upload_abort.go:67.14,68.22 1 0
github.com/lennylabs/lenny/pkg/gateway/sessionserver/upload_abort.go:68.23,68.24 0 0
github.com/lennylabs/lenny/pkg/gateway/sessionserver/upload_abort.go:70.2,72.9 3 0
github.com/lennylabs/lenny/pkg/gateway/sessionserver/upload_abort.go:72.9,75.3 2 0
github.com/lennylabs/lenny/pkg/gateway/sessionserver/upload_abort.go:76.2,78.16 3 0
github.com/lennylabs/lenny/pkg/gateway/sessionserver/upload_abort.go:78.16,82.3 1 0
github.com/lennylabs/lenny/pkg/gateway/sessionserver/upload_abort.go:82.8,84.3 1 0
github.com/lennylabs/lenny/pkg/gateway/sessionserver/upload_abort.go:85.2,86.19 2 0
github.com/lennylabs/lenny/pkg/gateway/sessionserver/upload_abort.go:86.19,90.10 4 0
github.com/lennylabs/lenny/pkg/gateway/sessionserver/upload_abort.go:90.10,92.4 1 0
github.com/lennylabs/lenny/pkg/gateway/sessionserver/upload_abort.go:93.3,97.49 2 0
github.com/lennylabs/lenny/pkg/gateway/sessionserver/upload_abort.go:97.49,99.4 1 0
github.com/lennylabs/lenny/pkg/gateway/sessionserver/upload_abort.go:112.60,113.14 1 0
github.com/lennylabs/lenny/pkg/gateway/sessionserver/upload_abort.go:113.14,115.3 1 0
github.com/lennylabs/lenny/pkg/gateway/sessionserver/upload_abort.go:116.2,119.9 4 0
github.com/lennylabs/lenny/pkg/gateway/sessionserver/upload_abort.go:119.9,123.3 2 0
github.com/lennylabs/lenny/pkg/gateway/sessionserver/upload_abort.go:124.2,124.16 1 0
github.com/lennylabs/lenny/pkg/gateway/sessionserver/upload_abort.go:124.16,126.3 1 0
github.com/lennylabs/lenny/pkg/gateway/sessionserver/upload_abort.go:127.2,129.39 3 0
github.com/lennylabs/lenny/pkg/gateway/sessionserver/upload_abort.go:129.39,132.3 2 0
github.com/lennylabs/lenny/pkg/gateway/sessionserver/upload_abort.go:133.2,133.16 1 0
github.com/lennylabs/lenny/pkg/gateway/sessionserver/upload_abort.go:156.71,157.18 1 0
github.com/lennylabs/lenny/pkg/gateway/sessionserver/upload_abort.go:157.18,159.3 1 0
github.com/lennylabs/lenny/pkg/gateway/sessionserver/upload_abort.go:160.2,160.45 1 0
github.com/lennylabs/lenny/pkg/gateway/sessionserver/upload_abort.go:163.55,164.9 1 0
github.com/lennylabs/lenny/pkg/gateway/sessionserver/upload_abort.go:165.17,166.29 1 0
github.com/lennylabs/lenny/pkg/gateway/sessionserver/upload_abort.go:167.10,167.10 0 0
github.com/lennylabs/lenny/pkg/gateway/sessionserver/upload_abort.go:169.2,169.20 1 0
github.com/lennylabs/lenny/pkg/gateway/sessionserver/upload_limits.go:70.94,71.69 1 59
github.com/lennylabs/lenny/pkg/gateway/sessionserver/upload_limits.go:71.69,73.3 1 59
github.com/lennylabs/lenny/pkg/gateway/sessionserver/upload_limits.go:74.2,80.3 1 0
github.com/lennylabs/lenny/pkg/gateway/sessionserver/upload_limits.go:90.89,91.14 1 0
github.com/lennylabs/lenny/pkg/gateway/sessionserver/upload_limits.go:91.14,92.17 1 0
github.com/lennylabs/lenny/pkg/gateway/sessionserver/upload_limits.go:92.18,92.19 0 0
github.com/lennylabs/lenny/pkg/gateway/sessionserver/upload_limits.go:94.2,96.90 3 0
github.com/lennylabs/lenny/pkg/gateway/sessionserver/upload_limits.go:96.90,98.3 1 0
github.com/lennylabs/lenny/pkg/gateway/sessionserver/upload_limits.go:99.2,99.76 1 0
github.com/lennylabs/lenny/pkg/gateway/sessionserver/upload_limits.go:99.76,101.3 1 0
github.com/lennylabs/lenny/pkg/gateway/sessionserver/upload_limits.go:102.2,105.16 4 0
github.com/lennylabs/lenny/pkg/gateway/sessionserver/upload_limits.go:105.16,108.15 3 0
github.com/lennylabs/lenny/pkg/gateway/sessionserver/upload_limits.go:108.15,110.4 1 0
github.com/lennylabs/lenny/pkg/gateway/sessionserver/upload_limits.go:111.3,112.27 2 0
github.com/lennylabs/lenny/pkg/gateway/sessionserver/upload_limits.go:112.27,114.4 1 0
github.com/lennylabs/lenny/pkg/gateway/sessionserver/upload_limits.go:115.3,115.46 1 0
github.com/lennylabs/lenny/pkg/gateway/sessionserver/upload_limits.go:115.46,117.4 1 0
github.com/lennylabs/lenny/pkg/gateway/sessionserver/upload_limits.go:117.9,119.4 1 0
github.com/lennylabs/lenny/pkg/gateway/sessionserver/upload_limits.go:130.107,131.60 1 0
github.com/lennylabs/lenny/pkg/gateway/sessionserver/upload_limits.go:131.60,133.3 1 0
github.com/lennylabs/lenny/pkg/gateway/sessionserver/upload_limits.go:134.2,137.79 4 0
github.com/lennylabs/lenny/pkg/gateway/sessionserver/upload_limits.go:148.88,149.43 1 0
github.com/lennylabs/lenny/pkg/gateway/sessionserver/upload_limits.go:149.43,151.3 1 0
github.com/lennylabs/lenny/pkg/gateway/sessionserver/upload_limits.go:152.2,155.12 4 0
github.com/lennylabs/lenny/pkg/gateway/sessionserver/upload_limits.go:155.12,157.3 1 0
github.com/lennylabs/lenny/pkg/gateway/sessionserver/upload_limits.go:158.2,159.37 2 0
github.com/lennylabs/lenny/pkg/gateway/sessionserver/upload_limits.go:159.37,161.3 1 0
github.com/lennylabs/lenny/pkg/gateway/sessionserver/upload_limits.go:162.2,163.45 2 0
github.com/lennylabs/lenny/pkg/gateway/sessionserver/upload_limits.go:172.50,173.14 1 0
github.com/lennylabs/lenny/pkg/gateway/sessionserver/upload_limits.go:173.14,175.3 1 0
github.com/lennylabs/lenny/pkg/gateway/sessionserver/upload_limits.go:176.2,178.29 3 0
github.com/lennylabs/lenny/pkg/gateway/sessionserver/upload_to_session.go:71.80,77.16 5 0
github.com/lennylabs/lenny/pkg/gateway/sessionserver/upload_to_session.go:77.16,78.47 1 0
github.com/lennylabs/lenny/pkg/gateway/sessionserver/upload_to_session.go:78.47,81.4 2 0
github.com/lennylabs/lenny/pkg/gateway/sessionserver/upload_to_session.go:82.3,83.9 2 0
github.com/lennylabs/lenny/pkg/gateway/sessionserver/upload_to_session.go:92.2,97.17 2 0
github.com/lennylabs/lenny/pkg/gateway/sessionserver/upload_to_session.go:97.17,100.3 2 0
github.com/lennylabs/lenny/pkg/gateway/sessionserver/upload_to_session.go:102.2,103.9 2 0
github.com/lennylabs/lenny/pkg/gateway/sessionserver/upload_to_session.go:103.9,105.3 1 0
github.com/lennylabs/lenny/pkg/gateway/sessionserver/upload_to_session.go:112.2,113.26 2 0
github.com/lennylabs/lenny/pkg/gateway/sessionserver/upload_to_session.go:113.26,114.53 1 0
github.com/lennylabs/lenny/pkg/gateway/sessionserver/upload_to_session.go:114.53,116.4 1 0
github.com/lennylabs/lenny/pkg/gateway/sessionserver/upload_to_session.go:118.2,118.40 1 0
github.com/lennylabs/lenny/pkg/gateway/sessionserver/upload_to_session.go:118.40,123.3 2 0
github.com/lennylabs/lenny/pkg/gateway/sessionserver/upload_to_session.go:129.2,129.79 1 0
github.com/lennylabs/lenny/pkg/gateway/sessionserver/upload_to_session.go:129.79,134.3 3 0
github.com/lennylabs/lenny/pkg/gateway/sessionserver/upload_to_session.go:135.2,135.88 1 0
github.com/lennylabs/lenny/pkg/gateway/sessionserver/upload_to_session.go:135.88,140.3 3 0
github.com/lennylabs/lenny/pkg/gateway/sessionserver/upload_to_session.go:142.2,148.4 4 0
github.com/lennylabs/lenny/pkg/gateway/sessionserver/upload_to_session.go:158.115,160.73 2 0
github.com/lennylabs/lenny/pkg/gateway/sessionserver/upload_to_session.go:160.73,162.3 1 0
github.com/lennylabs/lenny/pkg/gateway/sessionserver/upload_to_session.go:163.2,164.16 2 0
github.com/lennylabs/lenny/pkg/gateway/sessionserver/upload_to_session.go:164.16,166.3 1 0
github.com/lennylabs/lenny/pkg/gateway/sessionserver/upload_to_session.go:167.2,167.64 1 0
github.com/lennylabs/lenny/pkg/gateway/sessionserver/upload_to_session.go:167.64,169.3 1 0
github.com/lennylabs/lenny/pkg/gateway/sessionserver/upload_to_session.go:170.2,170.13 1 0
github.com/lennylabs/lenny/pkg/gateway/sessionserver/upload_to_session.go:178.131,180.120 2 0
github.com/lennylabs/lenny/pkg/gateway/sessionserver/upload_to_session.go:180.120,183.3 2 0
github.com/lennylabs/lenny/pkg/gateway/sessionserver/upload_to_session.go:184.2,184.25 1 0
github.com/lennylabs/lenny/pkg/gateway/sessionserver/upload_to_session.go:184.25,187.3 2 0
github.com/lennylabs/lenny/pkg/gateway/sessionserver/upload_to_session.go:189.2,192.30 4 0
github.com/lennylabs/lenny/pkg/gateway/sessionserver/upload_to_session.go:192.30,194.17 2 0
github.com/lennylabs/lenny/pkg/gateway/sessionserver/upload_to_session.go:194.17,198.4 2 0
github.com/lennylabs/lenny/pkg/gateway/sessionserver/upload_to_session.go:202.3,202.35 1 0
github.com/lennylabs/lenny/pkg/gateway/sessionserver/upload_to_session.go:202.35,207.4 2 0
github.com/lennylabs/lenny/pkg/gateway/sessionserver/upload_to_session.go:208.3,209.18 2 0
github.com/lennylabs/lenny/pkg/gateway/sessionserver/upload_to_session.go:209.18,213.4 2 0
github.com/lennylabs/lenny/pkg/gateway/sessionserver/upload_to_session.go:214.3,215.43 2 0
github.com/lennylabs/lenny/pkg/gateway/sessionserver/upload_to_session.go:215.43,220.4 2 0
github.com/lennylabs/lenny/pkg/gateway/sessionserver/upload_to_session.go:221.3,228.5 3 0
github.com/lennylabs/lenny/pkg/gateway/sessionserver/upload_to_session.go:230.2,230.28 1 0
github.com/lennylabs/lenny/pkg/gateway/sessionserver/upload_to_session.go:237.43,238.42 1 0
github.com/lennylabs/lenny/pkg/gateway/sessionserver/upload_to_session.go:238.42,240.3 1 0
github.com/lennylabs/lenny/pkg/gateway/sessionserver/upload_to_session.go:241.2,241.44 1 0
github.com/lennylabs/lenny/pkg/gateway/sessionserver/upload_to_session.go:241.44,242.18 1 0
github.com/lennylabs/lenny/pkg/gateway/sessionserver/upload_to_session.go:242.18,244.4 1 0
github.com/lennylabs/lenny/pkg/gateway/sessionserver/upload_to_session.go:246.2,246.13 1 0
github.com/lennylabs/lenny/pkg/gateway/sessionserver/upload_to_session.go:253.123,254.29 1 0
github.com/lennylabs/lenny/pkg/gateway/sessionserver/upload_to_session.go:254.29,256.3 1 0
github.com/lennylabs/lenny/pkg/gateway/sessionserver/upload_to_session.go:257.2,268.4 1 0
github.com/lennylabs/lenny/pkg/gateway/sessionserver/uploadmetrics.go:47.78,52.16 2 0
github.com/lennylabs/lenny/pkg/gateway/sessionserver/uploadmetrics.go:52.16,54.3 1 0
github.com/lennylabs/lenny/pkg/gateway/sessionserver/uploadmetrics.go:55.2,59.16 2 0
github.com/lennylabs/lenny/pkg/gateway/sessionserver/uploadmetrics.go:59.16,61.3 1 0
github.com/lennylabs/lenny/pkg/gateway/sessionserver/uploadmetrics.go:62.2,66.16 2 0
github.com/lennylabs/lenny/pkg/gateway/sessionserver/uploadmetrics.go:66.16,68.3 1 0
github.com/lennylabs/lenny/pkg/gateway/sessionserver/uploadmetrics.go:69.2,79.8 4 0
github.com/lennylabs/lenny/pkg/gateway/sessionserver/uploadmetrics.go:83.53,84.24 1 0
github.com/lennylabs/lenny/pkg/gateway/sessionserver/uploadmetrics.go:84.24,86.3 1 0
github.com/lennylabs/lenny/pkg/gateway/sessionserver/uploadmetrics.go:87.2,87.30 1 0
github.com/lennylabs/lenny/pkg/gateway/sessionserver/uploadmetrics.go:91.60,92.14 1 0
github.com/lennylabs/lenny/pkg/gateway/sessionserver/uploadmetrics.go:92.14,94.3 1 0
github.com/lennylabs/lenny/pkg/gateway/sessionserver/uploadmetrics.go:95.2,95.15 1 0
github.com/lennylabs/lenny/pkg/gateway/sessionserver/uploadmetrics.go:95.15,97.3 1 0
github.com/lennylabs/lenny/pkg/gateway/sessionserver/uploadmetrics.go:98.2,98.34 1 0
github.com/lennylabs/lenny/pkg/gateway/sessionserver/uploadmetrics.go:102.66,103.33 1 0
github.com/lennylabs/lenny/pkg/gateway/sessionserver/uploadmetrics.go:103.33,105.3 1 0
github.com/lennylabs/lenny/pkg/gateway/sessionserver/uploadmetrics.go:106.2,106.50 1 0
github.com/lennylabs/lenny/pkg/gateway/sessionserver/usage.go:34.118,36.2 1 0
github.com/lennylabs/lenny/pkg/gateway/sessionserver/usage.go:44.65,45.12 1 0
github.com/lennylabs/lenny/pkg/gateway/sessionserver/usage.go:46.30,47.39 1 0
github.com/lennylabs/lenny/pkg/gateway/sessionserver/usage.go:48.27,49.36 1 0
github.com/lennylabs/lenny/pkg/gateway/sessionserver/usage.go:50.30,51.39 1 0
github.com/lennylabs/lenny/pkg/gateway/sessionserver/usage.go:52.28,53.37 1 0
github.com/lennylabs/lenny/pkg/gateway/sessionserver/usage.go:54.10,55.12 1 0
github.com/lennylabs/lenny/pkg/gateway/sessionserver/usage.go:63.56,64.12 1 0
github.com/lennylabs/lenny/pkg/gateway/sessionserver/usage.go:65.30,66.21 1 0
github.com/lennylabs/lenny/pkg/gateway/sessionserver/usage.go:67.27,68.18 1 0
github.com/lennylabs/lenny/pkg/gateway/sessionserver/usage.go:69.30,70.21 1 0
github.com/lennylabs/lenny/pkg/gateway/sessionserver/usage.go:71.28,72.19 1 0
github.com/lennylabs/lenny/pkg/gateway/sessionserver/usage.go:73.10,74.12 1 0
github.com/lennylabs/lenny/pkg/gateway/sessionserver/usage.go:87.112,89.49 2 0
github.com/lennylabs/lenny/pkg/gateway/sessionserver/usage.go:89.49,91.3 1 0
github.com/lennylabs/lenny/pkg/gateway/sessionserver/usage.go:92.2,93.98 2 0
github.com/lennylabs/lenny/pkg/gateway/sessionserver/usage.go:93.98,94.31 1 0
github.com/lennylabs/lenny/pkg/gateway/sessionserver/usage.go:94.31,96.4 1 0
github.com/lennylabs/lenny/pkg/gateway/sessionserver/usage.go:97.3,99.13 3 0
github.com/lennylabs/lenny/pkg/gateway/sessionserver/usage.go:101.2,101.16 1 0
github.com/lennylabs/lenny/pkg/gateway/sessionserver/usage.go:101.16,104.3 2 0
github.com/lennylabs/lenny/pkg/gateway/sessionserver/usage.go:105.2,105.16 1 0
github.com/lennylabs/lenny/pkg/gateway/sessionserver/usage.go:117.70,119.72 2 0
github.com/lennylabs/lenny/pkg/gateway/sessionserver/usage.go:119.72,123.3 2 0
github.com/lennylabs/lenny/pkg/gateway/sessionserver/usage.go:124.2,124.20 1 0
github.com/lennylabs/lenny/pkg/gateway/sessionserver/usage.go:124.20,133.3 3 0
github.com/lennylabs/lenny/pkg/gateway/sessionserver/usage.go:139.2,145.16 4 0
github.com/lennylabs/lenny/pkg/gateway/sessionserver/usage.go:145.16,148.3 2 0
github.com/lennylabs/lenny/pkg/gateway/sessionserver/usage.go:149.2,150.39 2 0
github.com/lennylabs/lenny/pkg/gateway/sessionserver/usage.go:157.87,158.20 1 0
github.com/lennylabs/lenny/pkg/gateway/sessionserver/usage.go:158.20,167.3 1 0
github.com/lennylabs/lenny/pkg/gateway/sessionserver/usage.go:168.2,168.22 1 0
github.com/lennylabs/lenny/pkg/gateway/sessionserver/usage.go:168.22,187.3 2 0
github.com/lennylabs/lenny/pkg/gateway/sessionserver/usage.go:191.2,191.29 1 0
github.com/lennylabs/lenny/pkg/gateway/sessionserver/usage.go:191.29,201.3 1 0
github.com/lennylabs/lenny/pkg/gateway/sessionserver/usage.go:210.69,211.59 1 0
github.com/lennylabs/lenny/pkg/gateway/sessionserver/usage.go:211.59,213.3 1 0
github.com/lennylabs/lenny/pkg/gateway/sessionserver/usage.go:214.2,215.9 2 0
github.com/lennylabs/lenny/pkg/gateway/sessionserver/usage.go:215.9,217.3 1 0
github.com/lennylabs/lenny/pkg/gateway/sessionserver/usage.go:218.2,219.16 2 0
github.com/lennylabs/lenny/pkg/gateway/sessionserver/usage.go:219.16,224.3 1 0
github.com/lennylabs/lenny/pkg/gateway/sessionserver/usage.go:225.2,235.4 1 0
github.com/lennylabs/lenny/pkg/gateway/sessionserver/usage.go:241.87,243.20 2 0
github.com/lennylabs/lenny/pkg/gateway/sessionserver/usage.go:244.30,245.90 1 0
github.com/lennylabs/lenny/pkg/gateway/sessionserver/usage.go:246.27,249.84 3 0
github.com/lennylabs/lenny/pkg/gateway/sessionserver/usage.go:250.30,252.90 2 0
github.com/lennylabs/lenny/pkg/gateway/sessionserver/usage.go:253.28,255.86 2 0
github.com/lennylabs/lenny/pkg/gateway/sessionserver/usage.go:256.10,257.24 1 0
github.com/lennylabs/lenny/pkg/gateway/sessionserver/usage.go:265.61,266.67 1 0
github.com/lennylabs/lenny/pkg/gateway/sessionserver/usage.go:266.67,268.3 1 0
github.com/lennylabs/lenny/pkg/gateway/sessionserver/usage.go:269.2,269.26 1 0
github.com/lennylabs/lenny/pkg/gateway/sessionserver/usage.go:276.93,277.12 1 0
github.com/lennylabs/lenny/pkg/gateway/sessionserver/usage.go:278.30,279.52 1 0
github.com/lennylabs/lenny/pkg/gateway/sessionserver/usage.go:280.27,281.50 1 0
github.com/lennylabs/lenny/pkg/gateway/sessionserver/usage.go:282.30,283.52 1 0
github.com/lennylabs/lenny/pkg/gateway/sessionserver/usage.go:284.28,285.53 1 0
github.com/lennylabs/lenny/pkg/gateway/sessionserver/usage.go:286.10,287.23 1 0
github.com/lennylabs/lenny/pkg/gateway/sessionserver/usage.go:303.109,305.2 1 0
github.com/lennylabs/lenny/pkg/gateway/sessionserver/usage.go:313.107,315.2 1 0
github.com/lennylabs/lenny/pkg/gateway/sessionserver/usage.go:327.103,329.2 1 0
github.com/lennylabs/lenny/pkg/gateway/sessionserver/usage.go:340.88,342.2 1 0
github.com/lennylabs/lenny/pkg/gateway/sessionserver/usage.go:355.96,356.31 1 0
github.com/lennylabs/lenny/pkg/gateway/sessionserver/usage.go:356.31,358.3 1 0
github.com/lennylabs/lenny/pkg/gateway/sessionserver/usage.go:375.114,394.21 2 0
github.com/lennylabs/lenny/pkg/gateway/sessionserver/usage.go:394.21,395.52 1 0
github.com/lennylabs/lenny/pkg/gateway/sessionserver/usage.go:395.52,397.4 1 0
github.com/lennylabs/lenny/pkg/gateway/sessionserver/usage.go:403.2,403.25 1 0
github.com/lennylabs/lenny/pkg/gateway/sessionserver/usage.go:403.25,404.63 1 0
github.com/lennylabs/lenny/pkg/gateway/sessionserver/usage.go:404.63,409.31 2 0
github.com/lennylabs/lenny/pkg/gateway/sessionserver/usage.go:409.31,411.5 1 0
github.com/lennylabs/lenny/pkg/gateway/sessionserver/usage.go:412.4,419.6 2 0
github.com/lennylabs/lenny/pkg/gateway/sessionserver/usage.go:427.2,450.77 3 0
github.com/lennylabs/lenny/pkg/gateway/sessionserver/usage.go:450.77,451.100 1 0
github.com/lennylabs/lenny/pkg/gateway/sessionserver/usage.go:451.100,460.4 1 0
github.com/lennylabs/lenny/pkg/gateway/sessionserver/usage.go:464.2,483.29 5 0
github.com/lennylabs/lenny/pkg/gateway/sessionserver/usage.go:483.29,484.101 1 0
github.com/lennylabs/lenny/pkg/gateway/sessionserver/usage.go:484.101,486.4 1 0
github.com/lennylabs/lenny/pkg/gateway/sessionserver/usage.go:494.2,494.25 1 0
github.com/lennylabs/lenny/pkg/gateway/sessionserver/usage.go:494.25,496.3 1 0
github.com/lennylabs/lenny/pkg/gateway/sessionserver/usage.go:503.2,503.27 1 0
github.com/lennylabs/lenny/pkg/gateway/sessionserver/usage.go:503.27,505.3 1 0
github.com/lennylabs/lenny/pkg/gateway/sessionserver/usage.go:511.2,511.53 1 0
github.com/lennylabs/lenny/pkg/gateway/sessionserver/usage.go:511.53,512.96 1 0
github.com/lennylabs/lenny/pkg/gateway/sessionserver/usage.go:512.96,514.4 1 0
github.com/lennylabs/lenny/pkg/gateway/sessionserver/usage.go:516.2,516.22 1 0
github.com/lennylabs/lenny/pkg/gateway/sessionserver/usage.go:516.22,518.3 1 0
github.com/lennylabs/lenny/pkg/gateway/sessionserver/usage.go:522.2,535.4 2 0
github.com/lennylabs/lenny/pkg/gateway/sessionserver/usage.go:546.52,547.12 1 0
github.com/lennylabs/lenny/pkg/gateway/sessionserver/usage.go:548.73,549.14 1 0
github.com/lennylabs/lenny/pkg/gateway/sessionserver/usage.go:551.2,551.14 1 0
github.com/lennylabs/lenny/pkg/gateway/sessionserver/usage.go:585.122,586.40 1 0
github.com/lennylabs/lenny/pkg/gateway/sessionserver/usage.go:586.40,588.3 1 0
github.com/lennylabs/lenny/pkg/gateway/sessionserver/usage.go:589.2,589.76 1 0
github.com/lennylabs/lenny/pkg/gateway/sessionserver/usage.go:589.76,591.3 1 0
github.com/lennylabs/lenny/pkg/gateway/sessionserver/usage.go:592.2,592.51 1 0
github.com/lennylabs/lenny/pkg/gateway/sessionserver/usage.go:592.51,599.3 1 0
github.com/lennylabs/lenny/pkg/gateway/sessionserver/usage.go:600.2,600.85 1 0
github.com/lennylabs/lenny/pkg/gateway/sessionserver/usage.go:600.85,607.3 1 0
github.com/lennylabs/lenny/pkg/gateway/sessionserver/usage.go:608.2,608.13 1 0
github.com/lennylabs/lenny/pkg/gateway/sessionserver/usage.go:615.86,616.56 1 0
github.com/lennylabs/lenny/pkg/gateway/sessionserver/usage.go:616.56,618.3 1 0
github.com/lennylabs/lenny/pkg/gateway/sessionserver/usage.go:626.2,628.83 3 0
github.com/lennylabs/lenny/pkg/gateway/sessionserver/usage.go:628.83,631.62 3 0
github.com/lennylabs/lenny/pkg/gateway/sessionserver/usage.go:631.62,633.4 1 0
github.com/lennylabs/lenny/pkg/gateway/sessionserver/usage.go:635.2,652.22 4 0
github.com/lennylabs/lenny/pkg/gateway/sessionserver/usage.go:652.22,654.3 1 0
github.com/lennylabs/lenny/pkg/gateway/sessionserver/usage.go:663.105,664.33 1 0
github.com/lennylabs/lenny/pkg/gateway/sessionserver/usage.go:664.33,666.3 1 0
github.com/lennylabs/lenny/pkg/gateway/sessionserver/usage.go:667.2,672.4 1 0
github.com/lennylabs/lenny/pkg/gateway/sessionserver/usage.go:685.91,686.48 1 0
github.com/lennylabs/lenny/pkg/gateway/sessionserver/usage.go:686.48,688.3 1 0
github.com/lennylabs/lenny/pkg/gateway/sessionserver/usage.go:692.2,692.32 1 0
github.com/lennylabs/lenny/pkg/gateway/sessionserver/usage.go:692.32,694.3 1 0
github.com/lennylabs/lenny/pkg/gateway/sessionserver/usage.go:695.2,695.63 1 0
github.com/lennylabs/lenny/pkg/gateway/sessionserver/usage.go:695.63,697.3 1 0
github.com/lennylabs/lenny/pkg/gateway/sessionserver/usage.go:698.2,699.26 2 0
github.com/lennylabs/lenny/pkg/gateway/sessionserver/usage.go:699.26,701.3 1 0
github.com/lennylabs/lenny/pkg/gateway/sessionserver/usage.go:702.2,702.98 1 0
github.com/lennylabs/lenny/pkg/gateway/sessionserver/usage.go:726.82,727.88 1 0
github.com/lennylabs/lenny/pkg/gateway/sessionserver/usage.go:727.88,729.3 1 0
github.com/lennylabs/lenny/pkg/gateway/sessionserver/usage.go:730.2,732.15 3 0
github.com/lennylabs/lenny/pkg/gateway/sessionserver/usage.go:732.15,734.3 1 0
github.com/lennylabs/lenny/pkg/gateway/sessionserver/usage.go:735.2,748.16 2 0
github.com/lennylabs/lenny/pkg/gateway/sessionserver/usage.go:748.16,750.3 1 0
github.com/lennylabs/lenny/pkg/gateway/sessionserver/usage.go:751.2,751.105 1 0
github.com/lennylabs/lenny/pkg/gateway/sessionserver/usage.go:763.84,767.85 4 0
github.com/lennylabs/lenny/pkg/gateway/sessionserver/usage.go:767.85,776.3 3 0
github.com/lennylabs/lenny/pkg/gateway/sessionserver/usage.go:777.2,777.40 1 0
github.com/lennylabs/lenny/pkg/gateway/sessionserver/usage.go:777.40,779.3 1 0
github.com/lennylabs/lenny/pkg/gateway/sessionserver/usage.go:780.2,782.16 3 0
github.com/lennylabs/lenny/pkg/gateway/sessionserver/usage.go:782.16,784.3 1 0
github.com/lennylabs/lenny/pkg/gateway/sessionserver/usage.go:785.2,786.26 2 0
github.com/lennylabs/lenny/pkg/gateway/sessionserver/usage.go:786.26,787.32 1 0
github.com/lennylabs/lenny/pkg/gateway/sessionserver/usage.go:787.32,789.4 1 0
github.com/lennylabs/lenny/pkg/gateway/sessionserver/usage.go:794.2,796.21 3 0
github.com/lennylabs/lenny/pkg/gateway/sessionserver/usage.go:796.21,799.19 3 0
github.com/lennylabs/lenny/pkg/gateway/sessionserver/usage.go:799.19,800.12 1 0
github.com/lennylabs/lenny/pkg/gateway/sessionserver/usage.go:802.3,803.36 2 0
github.com/lennylabs/lenny/pkg/gateway/sessionserver/usage.go:803.36,805.12 1 0
github.com/lennylabs/lenny/pkg/gateway/sessionserver/usage.go:807.3,807.100 1 0
github.com/lennylabs/lenny/pkg/gateway/sessionserver/usage.go:807.100,810.4 2 0
github.com/lennylabs/lenny/pkg/gateway/sessionserver/usage.go:811.3,811.17 1 0
github.com/lennylabs/lenny/pkg/gateway/sessionserver/usage.go:811.17,812.12 1 0
github.com/lennylabs/lenny/pkg/gateway/sessionserver/usage.go:814.3,823.24 2 0
github.com/lennylabs/lenny/pkg/gateway/sessionserver/usage.go:823.24,824.98 1 0
github.com/lennylabs/lenny/pkg/gateway/sessionserver/usage.go:824.98,826.5 1 0
github.com/lennylabs/lenny/pkg/gateway/sessionserver/usage.go:828.3,828.65 1 0
github.com/lennylabs/lenny/pkg/gateway/sessionserver/usage.go:828.65,830.4 1 0
github.com/lennylabs/lenny/pkg/gateway/sessionserver/usage.go:841.84,843.16 2 0
github.com/lennylabs/lenny/pkg/gateway/sessionserver/usage.go:843.16,845.3 1 0
github.com/lennylabs/lenny/pkg/gateway/sessionserver/usage.go:846.2,847.24 2 0
github.com/lennylabs/lenny/pkg/gateway/sessionserver/usage.go:847.24,848.61 1 0
github.com/lennylabs/lenny/pkg/gateway/sessionserver/usage.go:848.61,849.12 1 0
github.com/lennylabs/lenny/pkg/gateway/sessionserver/usage.go:851.3,852.17 2 0
github.com/lennylabs/lenny/pkg/gateway/sessionserver/usage.go:852.17,853.12 1 0
github.com/lennylabs/lenny/pkg/gateway/sessionserver/usage.go:855.3,855.37 1 0
github.com/lennylabs/lenny/pkg/gateway/sessionserver/usage.go:855.37,857.4 1 0
github.com/lennylabs/lenny/pkg/gateway/sessionserver/usage.go:859.2,859.35 1 0
github.com/lennylabs/lenny/pkg/gateway/sessionserver/usage.go:866.82,869.52 3 0
github.com/lennylabs/lenny/pkg/gateway/sessionserver/usage.go:869.52,872.17 3 0
github.com/lennylabs/lenny/pkg/gateway/sessionserver/usage.go:872.17,873.9 1 0
github.com/lennylabs/lenny/pkg/gateway/sessionserver/usage.go:875.3,875.15 1 0
github.com/lennylabs/lenny/pkg/gateway/sessionserver/usage.go:877.2,877.15 1 0
github.com/lennylabs/lenny/pkg/gateway/sessionserver/usage.go:889.110,891.40 2 0
github.com/lennylabs/lenny/pkg/gateway/sessionserver/usage.go:891.40,892.53 1 0
github.com/lennylabs/lenny/pkg/gateway/sessionserver/usage.go:892.53,894.4 1 0
github.com/lennylabs/lenny/pkg/gateway/sessionserver/usage.go:895.3,895.53 1 0
github.com/lennylabs/lenny/pkg/gateway/sessionserver/usage.go:897.2,897.85 1 0
github.com/lennylabs/lenny/pkg/gateway/sessionserver/usage.go:897.85,898.28 1 0
github.com/lennylabs/lenny/pkg/gateway/sessionserver/usage.go:898.28,900.4 1 0
github.com/lennylabs/lenny/pkg/gateway/sessionserver/usage.go:902.2,902.26 1 0
github.com/lennylabs/lenny/pkg/gateway/sessionserver/usage.go:902.26,910.19 2 0
github.com/lennylabs/lenny/pkg/gateway/sessionserver/usage.go:910.19,912.4 1 0
github.com/lennylabs/lenny/pkg/gateway/sessionserver/usage.go:913.3,913.76 1 0
github.com/lennylabs/lenny/pkg/gateway/sessionserver/usage.go:913.76,914.28 1 0
github.com/lennylabs/lenny/pkg/gateway/sessionserver/usage.go:914.28,916.5 1 0
github.com/lennylabs/lenny/pkg/gateway/sessionserver/usage.go:919.2,922.21 4 0
github.com/lennylabs/lenny/pkg/gateway/sessionserver/usage.go:922.21,925.39 3 0
github.com/lennylabs/lenny/pkg/gateway/sessionserver/usage.go:925.39,926.19 1 0
github.com/lennylabs/lenny/pkg/gateway/sessionserver/usage.go:926.19,927.13 1 0
github.com/lennylabs/lenny/pkg/gateway/sessionserver/usage.go:929.4,931.32 3 0
github.com/lennylabs/lenny/pkg/gateway/sessionserver/usage.go:934.2,934.12 1 0
github.com/lennylabs/lenny/pkg/gateway/sessionserver/usage.go:953.136,959.42 2 0
github.com/lennylabs/lenny/pkg/gateway/sessionserver/usage.go:959.42,961.3 1 0
github.com/lennylabs/lenny/pkg/gateway/sessionserver/usage.go:961.8,963.3 1 0
github.com/lennylabs/lenny/pkg/gateway/sessionserver/usage.go:964.2,964.24 1 0
github.com/lennylabs/lenny/pkg/gateway/sessionserver/usage.go:964.24,967.3 2 0
github.com/lennylabs/lenny/pkg/gateway/sessionserver/usage.go:968.2,968.12 1 0
github.com/lennylabs/lenny/pkg/gateway/sessionserver/usage.go:979.104,981.26 2 0
github.com/lennylabs/lenny/pkg/gateway/sessionserver/usage.go:981.26,982.81 1 0
github.com/lennylabs/lenny/pkg/gateway/sessionserver/usage.go:982.81,983.43 1 0
github.com/lennylabs/lenny/pkg/gateway/sessionserver/usage.go:983.43,987.34 1 0
github.com/lennylabs/lenny/pkg/gateway/sessionserver/usage.go:987.34,989.11 2 0
github.com/lennylabs/lenny/pkg/gateway/sessionserver/usage.go:994.2,994.24 1 0
github.com/lennylabs/lenny/pkg/gateway/sessionserver/usage.go:994.24,995.86 1 0
github.com/lennylabs/lenny/pkg/gateway/sessionserver/usage.go:995.86,996.27 1 0
github.com/lennylabs/lenny/pkg/gateway/sessionserver/usage.go:996.27,997.33 1 0
github.com/lennylabs/lenny/pkg/gateway/sessionserver/usage.go:997.33,999.6 1 0
github.com/lennylabs/lenny/pkg/gateway/sessionserver/usage.go:1003.2,1003.12 1 0
github.com/lennylabs/lenny/pkg/gateway/sessionserver/usage.go:1013.59,1014.42 1 0
github.com/lennylabs/lenny/pkg/gateway/sessionserver/usage.go:1014.42,1016.3 1 0
github.com/lennylabs/lenny/pkg/gateway/sessionserver/usage.go:1017.2,1017.24 1 0
github.com/lennylabs/lenny/pkg/gateway/sessionserver/usage.go:1018.85,1019.14 1 0
github.com/lennylabs/lenny/pkg/gateway/sessionserver/usage.go:1020.10,1021.15 1 0
github.com/lennylabs/lenny/pkg/gateway/sessionserver/usage.go:1035.74,1037.16 2 0
github.com/lennylabs/lenny/pkg/gateway/sessionserver/usage.go:1037.16,1039.3 1 0
github.com/lennylabs/lenny/pkg/gateway/sessionserver/usage.go:1040.2,1042.29 3 0
github.com/lennylabs/lenny/pkg/gateway/sessionserver/usage.go:1042.29,1044.3 1 0
github.com/lennylabs/lenny/pkg/gateway/sessionserver/usage.go:1045.2,1050.3 1 0
github.com/lennylabs/lenny/pkg/gateway/sessionserver/usage.go:1062.49,1065.2 2 0
github.com/lennylabs/lenny/pkg/gateway/sessionserver/user_gate.go:26.81,28.2 1 0
github.com/lennylabs/lenny/pkg/gateway/sessionserver/user_gate.go:35.105,36.20 1 0
github.com/lennylabs/lenny/pkg/gateway/sessionserver/user_gate.go:36.20,38.3 1 0
github.com/lennylabs/lenny/pkg/gateway/sessionserver/user_gate.go:39.2,40.36 2 0
github.com/lennylabs/lenny/pkg/gateway/sessionserver/user_gate.go:40.36,42.3 1 0
github.com/lennylabs/lenny/pkg/gateway/sessionserver/user_gate.go:43.2,44.43 2 0
github.com/lennylabs/lenny/pkg/gateway/sessionserver/user_gate.go:44.43,46.3 1 0
github.com/lennylabs/lenny/pkg/gateway/sessionserver/user_gate.go:47.2,47.16 1 0
github.com/lennylabs/lenny/pkg/gateway/sessionserver/user_gate.go:47.16,51.3 2 0
github.com/lennylabs/lenny/pkg/gateway/sessionserver/user_gate.go:52.2,52.22 1 0
github.com/lennylabs/lenny/pkg/gateway/sessionserver/user_gate.go:52.22,56.3 2 0
github.com/lennylabs/lenny/pkg/gateway/sessionserver/user_gate.go:59.2,59.31 1 0
github.com/lennylabs/lenny/pkg/gateway/sessionserver/user_gate.go:59.31,64.3 2 0
github.com/lennylabs/lenny/pkg/gateway/sessionserver/user_gate.go:65.2,65.13 1 0
